uri	yidp	namemain	name_copy	urlwd	idwd	nameall	works
http://lkg.org.pl/ns/lkg-core/E21_P3816	P3816	Remuszko Stanisław	Stanisław Remuszko	https://www.wikidata.org/wiki/Q9342925	Q9342925	Remuszko Stanisław	List do „Gazety Wyborczej” [Sprostowanie] | List do „Rzeczpospolitej” [W szponach „Ruchu”] | Wartości chrześcijańskie | List rozwodowy do Remuszki z maja 1993 roku [Kopia] | Wypowiedź: „Ależ to czysta spekulacja!” / W: Remuszko Stanisław, Wiedziałem | Lem-Remuszko (korespondencja 1988-93) | Kraków, 31 sierpień 1989 | Kraków, 10 październik 1989 | Kraków, 26 październik 1989 | Kraków, 17 lub 18 listopad 1989 | Kraków, 26/7 listopad 1989 | Kraków, 8 grudnia 1989 | Kraków, dn. 18 grudnia 1989 | Kraków, 14 lutego 1990 | Kraków, 17 Februarii 1990 | Kraków, 27 marca 1990 | Kraków, 19 kwiecień 1990 | Kraków, 30 kwiecień 1990 | Kraków, 15 maja 1990 | Kraków, Wybory 90 (27 maja 1990) | Kraków, 19 czerwca 1990 | Kraków, 12 lipca 1990 | Kraków, 30 sierpnia 1990 | Kraków, 13 września 1990 | Kraków, 7 lutego 1991 | Kraków, 19 marca 1991 | Kraków, 15 maja 1991 | Kraków, 13 czerwca 1991 | Kraków, 24 listopad 1992 | Kraków, 7 grudnia 1992 | Kraków, 3 lutego 1993 | Kraków, 7 kwietnia 1993 | Kraków, 26 kwiecień 1993 | Kraków, w maju 1993 | Wypowiedź o ojcu duchowym | Wstęp do Lemologii
http://lkg.org.pl/ns/lkg-core/E21_P3824	P3824	Reuter Jens	Jens Reuter	https://www.wikidata.org/wiki/Q133029347	Q133029347	Reuter Jens | Рейтер	Golems Antrittsvorlesung: Dreierlei über den Menschen / Aus dem Polnischen von Jens Reuter | Golems Antrittsvorlesung: Dreierlei über den Menschen / Autorisierte Übersetzungen aus dem Polnischen von Jens Reuter | Herr F. / Aus dem Polnischen von Jens Reuter // Im: Lem S., Die Maske; Herr F | I | II | III | IV | V | VI | VII | VIII | Nachwort / Aus dem Polnischen von Friedrich Griese | Die Auferstehungsmaschine / Aus dem Polnischen von Jens Reuter | Golems Antrittsvorlesung: Dreierlei über den Menschen / Aus dem Polnischen von Jens Reuter | Die Auferstehungsmaschine / Aus dem Polnischen von Jens Reuter | Glaubt nicht, daß ihr alles über Stanislaw Lem wißt. Interview mit Stanisław Lem / Aus dem Polnischen von Jens Reuter und Hans Jürgen Mayer // Im: Jarzębski Jerzy, Stalisław Lem: Rationalist und Sensualist /// Im: Berthel Werner (Hrsg.), Über Stanisław Lem | Dialoge / Autorisierte Übersetzung aus dem Polnischen von Jens Reuter | Provokation / Autorisierte Übertragung aus dem Polnischen von Jens Reuter | Herr F. / Aus dem Polnischen von Jens Reuter | Golems Antrittsvorlesung: Dreierlei über den Menschen / Aus dem Polnischen von Jens Reuter | Herr F. / Aus dem Polnischen von Jens Reuter | Provokation / Übertragung von Jens Reuter | Imaginäre Größe | Herr F. / Aus dem Polnischen von Jens Reuter // Im: Lem S., Die Maske; Herr F | Golem XIV und andere Prosa | Dialoge / Autorisierte Übersetzung aus dem Polnischen von Jens Reuter | Die phantastischen Erzählungen / Hrsg. von Werner Berthel | Imaginäre Größe | Die phantastischen Erzählungen / Hrsg. von Werner Berthel | Die Ratte im Labyrinth / Hrsg. von Franz Rottensteiner | Imaginäre Größe | Die Ratte im Labyrinth / Hrsg. von Franz Rottensteiner
http://lkg.org.pl/ns/lkg-core/E21_P3908	P3908	Rose Mark	Mark Rose	https://www.wikidata.org/wiki/Q66591699	Q66591699	Rose Mark | Роуз М	The Time‐Travel Story and Related Matters of SF Structuring / Translated from the Polish by Thomas H. Hoisington and Darko Suvin // In: Rose Mark (ed.), Science Fiction: a Collection of Critical Essays
http://lkg.org.pl/ns/lkg-core/E21_P3925	P3925	Roszko Janusz	Janusz Roszko	https://www.wikidata.org/wiki/Q11720431	Q11720431	Roszko Janusz	O kosmu, o vědecko fantastiké literatuře a jejím poslání. Hovoříme se Stanisławem Lemem / Rozmioval Janusz Roszko | O gatunku science-fiction i literaturze mówi Stanisław Lem / Rozmowę zapisał Janusz Roszko
http://lkg.org.pl/ns/lkg-core/E21_P3929	P3929	Rottensteiner Franz	Franz Rottensteiner	https://www.wikidata.org/wiki/Q89370	Q89370	Rottensteiner Franz | Ротенщайнер Ф. | Ротенщайнер Франц | Роттенштайнер Франц | Ротэнштайнэр Франц | Роттенштайнер Ф. | Роттенштайнер Франц (р. 1942) | Ротэнштайнэр Ф.	Ciało obce – śmierć / Ze Stanisławem Lemem rozmawiał Franz Rottensteiner; tłumaczył Mieczysław Dutkiewicz | Смъртта – чуждо тяло. Със Станислав Лем разговаря Франц Ротенщайнер / Прев. от рус. Юрий Илков
http://lkg.org.pl/ns/lkg-core/E21_P3982	P3982	Rymarowicz Caesar	Caesar Rymarowicz	https://www.wikidata.org/wiki/Q93113110	Q93113110	Rymarowicz Caesar	Das Hohe Schloß / Aus dem Polnischen von Caesar Rymarowicz | Das Hohe Schloß / Aus dem Polnischen von Caesar Rymarowicz | Die Quellen der Kunst liegen im Neandertal / Aus dem Polnischen von Caesar Rymarowicz | Einführung | Golems Inaugurationsvortrag – Über den Menschen auf dreierlei Weise | Einführung / Aus dem Polnischen von Caesar Rymarowicz | Das Hohe Schloß / Aus dem Polnischen von Caesar Rymarowicz | Selbsporträit [Das Hohe Schloß (Fragment)] / Aus dem Polnischen von Caesar Rymarowicz // Im: Voß Ursula (Hrsg.), Die Unbequemen Jahre. Jugend im Selbsporträit | Das Hohe Schloß / Aus dem Polnischen von Caesar Rymarowicz | Das Hohe Schloß / Aus dem Polnischen von Caesar Rymarowicz | Die Kunst, Vorworte zu schreiben / Aus dem Polnischen von Caesar Rymarowicz | Emelen [Das Hohe Schloß (Fragment)] / Aus dem Polnischen von Caesar Rymarowicz | Einführung / Aus dem Polnischen von Caesar Rymarowicz | Die Kunst, Vorworte zu schreiben / Aus dem Polnischen von Caesar Rymarowicz | Emelen [Das Hohe Schloß (Fragment)] / Aus dem Polnischen von Caesar Rymarowicz | Einführung / Aus dem Polnischen von Caesar Rymarowicz | Selbsporträit [Das Hohe Schloß (Fragment)] / Aus dem Polnischen von Caesar Rymarowicz // Im: Voß Ursula (Hrsg.), Die Unbequemen Jahre. Jugend im Selbsporträit | Die Kunst, Vorworte zu schreiben / Aus dem Polnischen von Caesar Rymarowicz | Emelen [Das Hohe Schloß (Fragment)] / Aus dem Polnischen von Caesar Rymarowicz | Die Kunst, Vorworte zu schreiben / Aus dem Polnischen von Caesar Rymarowicz | Emelen [Das Hohe Schloß (Fragment)] / Aus dem Polnischen von Caesar Rymarowicz | Das Hohe Schloß / Aus dem Polnischen von Caesar Rymarowicz | Die Kunst, Vorworte zu schreiben / Aus dem Polnischen von Caesar Rymarowicz | Erläuterungen / Im: Lem S., Die Irrungen des Dr. Stefan T. | Imaginäre Größe / Aus dem Polnischen von Caesar Rymarowicz | Imaginäre Größe | Die phantastischen Erzählungen / Hrsg. von Werner Berthel | Imaginäre Größe | Die phantastischen Erzählungen / Hrsg. von Werner Berthel | Imaginäre Größe | Die phantastischen Erzählungen / Hrsg. von Werner Berthel | Die phantastischen Erzählungen / Hrsg. von Werner Berthel | Die phantastischen Erzählungen / Hrsg. von Werner Berthel
http://lkg.org.pl/ns/lkg-core/E21_P4044	P4044	Scheck Frank Rainer	Frank Rainer Scheck	https://www.wikidata.org/wiki/Q19279754	Q19279754	Scheck Frank Rainer | Шек	Offener Brief / Im: Scheck Frank Rainer, Stanislaw Lem: Ein moderner Revisionist. Auseinandersetzungen
http://lkg.org.pl/ns/lkg-core/E21_P4086	P4086	Schumann Hubert	Hubert Schumann	https://www.wikidata.org/wiki/Q111024783	Q111024783	Schumann Hubert	Stanisław Lem „Das absolute Vakuum“ / Aus dem Polnischen von Hubert Schumann // Im: Lem S., Das absolute Vakuum | Stanisław Lem „Das absolute Vakuum“ / Aus dem Polnischen von Hubert Schumann // Im: Lem S., Das absolute Vakuum | Im Spinnennetz der Bücher. Das Gespräch mit Stanisław Lem von Stanisław Bereś / Aus dem Polnischen von Hubert Schumann // Im: Ad Libitum Sammlung Zerstreuung Nr.1 | Stanisław Lem über seine Sprache / Aus dem Polnischen von Hubert Schumann | Summa technologiae / Aus dem Polnischen von Friedrich Griese | Zwanzig Jahre später / Aus dem Polnischen von Hubert Schumann
http://lkg.org.pl/ns/lkg-core/E21_P4171	P4171	Sila Dominique	Dominique-Sila Khan	https://www.wikidata.org/wiki/Q55629246	Q55629246	Sila Dominique | Сiла Д. | Сiла Дамiнiка	Provocation | Réflexions sur ma vie | Le principe du cataclysme créateur. Le monde comme Holocauste / Traduit du polonais par Dominique Sila // Lem S., Bibliothèque du XXIe siècle | Provocation / Traduit du polonais par Dominique Sila
http://lkg.org.pl/ns/lkg-core/E21_P4183	P4183	Simonides Jaroslav	Jaroslav Simonides	https://www.wikidata.org/wiki/Q12024056	Q12024056	Simonides Jaroslav | Симонидес Ярослав	Slovo od autora / Přeložil Jaroslav Simonides // V: Lem S., K Mrakům Magellanovým | Slovo od autora / Přeložil Jaroslav Simonides // V: Lem S., K Mrakům Magellanovým | Autorův doslov k třetímu českému vydání / Přeložil Jaroslav Simonides // V: Lem S., K Mrakům Magellanovým | O fantasticko-vědecké literatuře / Přeložil J.S. [Jaroslav Simonides]
http://lkg.org.pl/ns/lkg-core/E21_P4225	P4225	Słonimski Antoni	Antoni Słonimski	https://www.wikidata.org/wiki/Q598050	Q598050	Słonimski Antoni | Слонимский Антоний	Vorwort / Aus dem Polnischen von Friedrich Griese // im: Słonimski Antoni, Der Zeittorpedo | Nachwort / Aus dem Polnischen von Hanna Rottensteiner [Jarosińska] // Im: Słonimski Antoni, Zweimal Weltuntergang | Przedwowa / W: Słonimski Antoni, Torpeda czasu
http://lkg.org.pl/ns/lkg-core/E21_P4251	P4251	Smuszkiewicz Antoni	Antoni Smuszkiewicz	https://www.wikidata.org/wiki/Q17544602	Q17544602	Smuszkiewicz Antoni | Смушкевич Антоний	I Am Lifting My Visor | Conversations with Stanisław Lem by Stanisław Bereś | The Predatory Ape. An interview with Stanisław Lem / In: Keller Lech, Review of the Major Studies of Lem's Authorship | Acta Lemiana Monashiensis: Special Lem Edition / Editors: Lila Zarnowski, Lech Keller
http://lkg.org.pl/ns/lkg-core/E21_P4310	P4310	Staemmler Klaus	Klaus Staemmler	https://www.wikidata.org/wiki/Q94852041	Q94852041	Staemmler Klaus | Штеммлер Клаус	„Stanisław Lem: Die vollkommene Leere“ / Im: Lem Stanisław. Die vollkommene Leere // Autorisierte Übersetzung aus dem Polnischen von Klaus Staemmler | Vorwort zur 8. polnischen Auflage / Übersetzt von Klaus Staemmler // Im: Lem S., Die Astronauten | Vorwort zum „Hospital der Verklärung“ / Aus dem Polnischen von Klaus Staemmler // Im: Lem S., Das Hospital der Verklärung | Vorwort zur 8. polnischen Auflage / Übersetzt von Klaus Staemmler // Im: Lem S., Die Astronauten | „Stanisław Lem: Die vollkommene Leere“ / Im: Lem Stanisław. Die vollkommene Leere // Autorisierte Übersetzung aus dem Polnischen von Klaus Staemmler | Vorwort zur 8. polnischen Auflage / Übersetzt von Klaus Staemmler // Im: Lem S., Die Astronauten | Vorwort zur 8. polnischen Auflage / Übersetzt von Klaus Staemmler // Im: Lem S., Die Astronauten | Die Geschichte eines Einfalls / Autorisierte Übersetzungen aus dem Polnischen von Klaus Staemmler | Nachwort / Aus dem Polnischen von Klaus Staemmler // Im: Grabiński Stefan, Das Abstellgleis und andere Erzählungen | Die Geschichte eines Einfalls / Übersetzungen aus dem Polnischen von Klaus Staemmler | Vorwort zur 8. polnischen Auflage / Übersetzt von Klaus Staemmler // Im: Lem S., Die Astronauten | Vorwort zur 8. polnischen Auflage / Übersetzt von Klaus Staemmler // Im: Lem S., Die Astronauten | „Stanisław Lem: Die vollkommene Leere“ / Im: Lem Stanisław. Die vollkommene Leere // Autorisierte Übersetzung aus dem Polnischen von Klaus Staemmler | Nachwort zu Stefan Grabiński Das Abstellgleis / Übersetzt von Klaus Staemmler | Vorwort zur 8. polnischen Auflage / Übersetzt von Klaus Staemmler // Im: Lem S., Die Astronauten | Vorwort zum „Hospital der Verklärung“ / Aus dem Polnischen von Klaus Staemmler // Im: Lem S., Das Hospital der Verklärung | Vorwort zur 8. polnischen Auflage / Übersetzt von Klaus Staemmler // Im: Lem S., Die Astronauten | Vorwort zum „Hospital der Verklärung“ / Aus dem Polnischen von Klaus Staemmler // Im: Lem S., Das Hospital der Verklärung | Vorwort zur 8. polnischen Auflage / Übersetzt von Klaus Staemmler // Im: Lem S., Die Astronauten | „Stanisław Lem: Die vollkommene Leere“ / Im: Lem Stanisław. Die vollkommene Leere // Autorisierte Übersetzung aus dem Polnischen von Klaus Staemmler | Nachwort zu Stefan Grabiński Das Abstellgleis / Übersetzt von Klaus Staemmler | Golem XIV und andere Prosa | Rez.: Jan Józef Szczepański, Vor dem unbekannten Tribunal / Aus dem Polnischen von Klaus Staemmler | Essays / Übersetzt von Friedrich Griese | Sade und die Spieltheorie: Essays. Band 1 / Aus dem Polnischen von Friedrich Griese | Zehn Monate im Berliner Wissenchaftskolleg / Aus dem Polnischen von Klaus Staemmler
http://lkg.org.pl/ns/lkg-core/E21_P4430	P4430	Suvin Darko Ronald	Darko Suvin	https://www.wikidata.org/wiki/Q4445122	Q4445122	Suvin Darko Ronald | Сувин (Шлезингер) Дарко Рональд (р. 1934) | Сувин Д. | Сувин Дарко | Сувiн Дарка | Сувiн Д.	Introduction to a Structural Analysis of SF / Translated from the German by F. Rottensteiner & Bruce R. Gillespie with R.D. Mullen & D. Suvin | “People like Knight, Bradbury, Brown...”; “Second-degree homeostatic regulator...” / In: Suvin Darko, The Open-Ended Parables of Stanislaw Lem and “Solaris” // In: Lem S., Solaris | On the Structural Analysis of Science Fiction / Translated from the German by Franz Rottensteiner and Bruce R. Gillespie, with R.D. Mullen and Darko Suvin | “People like Knight, Bradbury, Brown...”; “Second-degree homeostatic regulator...” / In: Suvin Darko, The Open-Ended Parables of Stanislaw Lem and “Solaris” // In: Lem S., Solaris | The Time‐Travel Story and Related Matters of SF Structuring / Translated from the Polish by Thomas H. Hoisington and Darko Suvin | On the Structural Analysis of Science Fiction / Translated from the German by Franz Rottensteiner and Bruce R. Gillespie, with R.D. Mullen and Darko Suvin | The Time‐Travel Story and Related Matters of SF Structuring / Translated from the Polish by Thomas H. Hoisington and Darko Suvin | Philip K. Dick: A Visionary Among the Charlatans / Translated from the Polish by Robert Abernathy | The Time‐Travel Story and Related Matters of SF Structuring / Translated from the Polish by Thomas H. Hoisington and Darko Suvin // In: Rose Mark (ed.), Science Fiction: a Collection of Critical Essays | Cosmology and Science Fiction / Translated from the German by Franz Rottensteiner // In: Mullen R.D. and Suvin Darko (ed.), Science-Fiction Studies: Selected Articles on Science Fiction 1976-1977 | “People like Knight, Bradbury, Brown...”; “Second-degree homeostatic regulator...” / In: Suvin Darko, The Open-Ended Parables of Stanislaw Lem and “Solaris” // In: Lem S., Solaris | “People like Knight, Bradbury, Brown...”; “Second-degree homeostatic regulator...” / In: Suvin Darko, The Open-Ended Parables of Stanislaw Lem and “Solaris” // In: Lem S., Solaris | On the Structural Analysis of Science Fiction / Translated from the German by Franz Rottensteiner and Bruce R. Gillespie, with R.D. Mullen and Darko Suvin | The Time-Travel Story and Related Matters of Science-Fiction Structuring / Translated from the Polish by Thomas H. Hoisington and Darko Suvin | Microworlds. Writings on Science Fiction and Fantasy / Edited by Franz Rottensteiner | Microworlds. Writings on Science Fiction and Fantasy / Edited by Franz Rottensteiner | Microworlds. Writings on Science Fiction and Fantasy / Edited by Franz Rottensteiner | Microworlds. Writings on Science Fiction and Fantasy / Edited by Franz Rottensteiner | «Gente como Knight, Bradbary, Brown...»; «Regulador homeostático de segundo grau...» / Suvin Darko, As parábolas sem conclusões de Stanislaw Lem e «Solaris» / Tradução Inês Busse // No livro: Lem S., Solaris | «Gente como Knight, Bradbary, Brown...»; «Regulador em homeostase, de segundo grau...» / Suvin Darko, As Infinitas Parábolas de Stanislaw Lem e Solaris / Tradução Reinaldo Guarany // No livro: Lem S., Solaris | «Gente como Knight, Bradbary, Brown...»; «Regulador em homeostase, de segundo grau...» / Suvin Darko, As Infinitas Parábolas de Stanislaw Lem e Solaris / Tradução Reinaldo Guarany // No livro: Lem S., Solaris | «Gente como Knight, Bradbary, Brown...»; «Regulador homeostático de segundo grau...» / Suvin Darko, As parábolas sem conclusões de Stanislaw Lem e «Solaris» / Tradução Inês Busse // No livro: Lem S., Solaris | Fraze / U: Otvorene paralele Stanislava Lema i Solarisa / U: Suvin Darko, Naučna fantastika, spoznaja, sloboda. – Beograd: SlovoSlavia, 2009, s.30-40. | “People like Knight, Bradbury, Brown...”; “Second-degree homeostatic regulator...” / In: Suvin Darko, The Open-Ended Parables of Stanislaw Lem and "Solaris" // In: Lem S., Solaris | Science Fiction Studies: Selected Articles on Science Fiction 1973-1975 | Microworlds. Writings on Science Fiction and Fantasy / Edited by Franz Rottensteiner
http://lkg.org.pl/ns/lkg-core/E21_P4469	P4469	Szczepański Jan Józef	Jan Józef Szczepański	https://www.wikidata.org/wiki/Q11717849	Q11717849	Szczepański Jan Józef | Щепаньский Ян Юзеф | Щепанский Ян Юзеф	Rozmowa na koniec wieku / Rozmowe przeprowadzili Tomasz Fiałkowski i Michał Okoński | Rozmowa na koniec wieku / Rozmowe przeprowadzili Tomasz Fiałkowski i Michał Okoński | «Год тому назад ты стоял на тех же позициях…» / В: Щепанский Ян Юзеф, Дневник. Том I; пер. Е.Шиманская | Krótki tekst w ważnej sprawie [Sprostowanie do publikacji w nr 243] | List do Jana Józefa Szczepańskiego | O Janie Józefie Szczepańskim | Rozmowa na koniec wieku / Rozmowe przeprowadzili Tomasz Fiałkowski i Michał Okoński | Wypowiedź o polityce KC / W: Szczepański Jan Józef, Dziennik. Tom I: 1945-1956 | Wypowiedzi / W: Szczepański Jan Józef, Dziennik. Tom II: 1957-1963 | Wypowiedzi / W: Szczepański Jan Józef, Dziennik. Tom III: 1964-1972 | Wypowiedzi / W: Szczepański Jan Józef, Dziennik. Tom IV: 1973-1980 | Wypowiedź / W: Szczepański Jan Józef, Dziennik. Tom V: 1981-1989 | Wypowiedzi / W: Szczepański Jan Józef, Dziennik. Tom VI: 1990-2001
http://lkg.org.pl/ns/lkg-core/E21_P4472	P4472	Szczęsna Joanna	Joanna Szczęsna	https://www.wikidata.org/wiki/Q11727539	Q11727539	Szczęsna Joanna	Wypowiedź o W.Szymborskiej / W: Bikont Anna i Szczęsna Ioanna, Pamiąkowe rupiecie. Biografia Wisławy Szymborskiej
http://lkg.org.pl/ns/lkg-core/E21_P4484	P4484	Шергова Галина	Galina Shergova	https://www.wikidata.org/wiki/Q4523055	Q4523055	Шергова Галина | Szergowa Galina (Шергова Г.М.) | Шергова Галина Михайловна	Летописец XXX века. Беседа со Станиславом Лемом / В книге: Шергова Галина, Туманная эстакада | Летописец XXX века. Беседа со Станиславом Лемом / Записала Г.Шергова
http://lkg.org.pl/ns/lkg-core/E21_P4493	P4493	Широков Феликс	Felix Vladimirovič Širokov	https://www.wikidata.org/wiki/Q112538943	Q112538943	Широков Феликс | Широков Феликс Владимирович  | Szirokow F. | Szirokow Feliks | Szirokow Feliks (Широков Ф.В.)	Конструирование трансценденции / Пер. под ред. Ф.Широкова | Предисловие автора к русскому изданию 1968 г. | Предисловие автора к первому изданию | Глава первая. ДИЛЕММЫ | Глава вторая. ДВЕ ЭВОЛЮЦИИ | Глава третья. КОСМИЧЕСКИЕ ЦИВИЛИЗАЦИИ | Глава четвертая. ИНТЕЛЛЕКТРОНИКА | Глава пятая. ПРОЛЕГОМЕНЫ К ВСЕМОГУЩЕСТВУ | Глава шестая. ФАНТОМОЛОГИЯ | Глава седьмая. СОТВОРЕНИЕ МИРОВ | Глава восьмая. ПАСКВИЛЬ НА ЭВОЛЮЦИЮ | Заключение | Примечания | Послесловие. ДВАДЦАТЬ ЛЕТ СПУСТЯ | Сумма технологии / Пер. Ф.Широкова | Сумма технологии / Пер. Ф.Широкова | Сумма технологии / Пер. Ф.Широкова | Сумма технологии / Пер. Ф.Широкова | Сумма технологии / Пер. Ф.Широкова | Сумма технологии / Пер. Ф.Широкова | Послесловие. Двадцать лет спустя | Сумма технологии / Пер. Ф.Широкова | Сумма технологии / Пер. Ф.Широкова | Сумма технологии / Пер. Ф.Широкова | Сумма технологии / Пер. Ф.Широкова | Вступление / Пер. В.Язневича | Предисловие к первому изданию / Пер. Ф.Широкова | Предисловие ко второму изданию / Пер. Ф.Широкова | Предисловие автора к русскому изданию 1968 г. / Пер. Ф.Широкова | Предисловие к третьему изданию / Пер. В.Язневича | Предисловие к немецкому изданию / Пер. В.Язневича | Предисловие. Двадцать лет спустя / Пер. В.Язневича | Сумма технологии / Пер. Ф.Широкова | «Мы предложили разделить языки… окружающая среда для живых организмов» / Пер. В.Язневича | Введение в дискуссию / Пер. В.Язневича | Послесловие к дискуссии / Пер. В.Язневича | Послесловие. Двадцать лет спустя / Пер. Ф.Широкова | Послесловие. Тридцать лет спустя / Пер. В.Язневича | Послесловие. Прошлое будущего / Пер. В.Язневича | Вступление [/ Пер. В.Язневича] | Предисловие к первому изданию [/ Пер. Ф.Широкова] | Предисловие ко второму изданию [/ Пер. Ф.Широкова] | Предисловие автора к русскому изданию 1968 г. [/ Пер. Ф.Широкова] | Предисловие к третьему изданию [/ Пер. В.Язневича] | Предисловие к немецкому изданию [/ Пер. В.Язневича] | Предисловие. Двадцать лет спустя [/ Пер. В.Язневича] | Сумма технологии [/ Пер. Ф.Широкова] | «Мы предложили разделить языки… окружающая среда для живых организмов» / Пер. В.Язневича | Введение в дискуссию [/ Пер. В.Язневича] | Послесловие к дискуссии [/ Пер. В.Язневича] | Послесловие. Двадцать лет спустя [/ Пер. Ф.Широкова] | Послесловие. Тридцать лет спустя [/ Пер. В.Язневича] | Послесловие. Прошлое будущего [/ Пер. В.Язневича] | Сумма технологии / Пер. Ф.Широкова | Сумма технологии / Пер. Ф.Широкова | Сумма технологии | Сумма технологии | Сумма технологии / Пер. Ф.Широкова и В.Язневича | Предисловия: | Послесловия: | Сумма технологии / Пер. Ф.Широкова [и В.Язневича] | Предисловия: | Послесловия:
http://lkg.org.pl/ns/lkg-core/E21_P4505	P4505	Szpakowska Małgorzata	Małgorzata Szpakowska	https://www.wikidata.org/wiki/Q11772387	Q11772387	Szpakowska Małgorzata | Шпаковская М. | Шпаковская Малгожата | Шпаковская Малгожата	от 11 марта 1962 г. | от 12 декабря 1962 г. | от 30 ноября 1969 г. | от 5 сентября 1978 г. | от 25 ноября 1969 г. | от 30 июля 1962 г. | от 28 мая 1967 г. | от 29 октября 1964 г. | от 14 июля 1964 г. | от 31 июля 1964 г. | от 2 августа 1965 г. | от 2 марта 1966 г. | от 11 января 1968 г. | от 27 ноября 1969 г. | от 22 сентября 1978 г. | Писательский диалог
http://lkg.org.pl/ns/lkg-core/E21_P4519	P4519	Szymborska Wisława	Wisława Szymborska	https://www.wikidata.org/wiki/Q42552	Q42552	Szymborska Wisława | Шимборская В. | Шимборская Вислава | Шимборская Вислава (1923-2012)	Открытое письмо главному ветеринару Польши / В статье: Кулерский В., Хроника (некоторых) текущих событий; пер. Н.Кузнецова
http://lkg.org.pl/ns/lkg-core/E21_P4523	P4523	Ścibor-Rylski Aleksander	Aleksander Ścibor-Rylski	https://www.wikidata.org/wiki/Q581748	Q581748	Ścibor-Rylski Aleksander | Сьцибор-Рыльский Александр	Aneks do orderologii
http://lkg.org.pl/ns/lkg-core/E21_P4585	P4585	Thadewald Wolfgang	Wolfgang Thadewald	https://www.wikidata.org/wiki/Q22694300	Q22694300	Thadewald Wolfgang | Тадевальд Вольфганг	Plauderei mit Stanislaw Lem (I) von Wolfgang Thadewald | Plauderei mit Stanislaw Lem (II) von Wolfgang Thadewald | Plauderei mit Stanislaw Lem (III) von Wolfgang Thadewald
http://lkg.org.pl/ns/lkg-core/E21_P4649	P4649	Torres David	David Torres	https://www.wikidata.org/wiki/Q5800412	Q5800412	Torres David | Торрес Давид  | Торес Д. | Торес Давид	Entrevista con Stanislaw Lem por David Torres | Какво ще бъде бъдещето или Хари Потър, опиум за масите / Разговора води Давид Торес; прев. от исп. Нева Мичева | Какво ще бъде бъдещето? / Разговора води Давид Торес; С рисунки от Станислав Лем; Прев. от исп. Нева Мичева | Станислав Лем: „Да пишеш така, че книгите ти да не загинат, когато загинат режимите“ / Разговора води Давид Торес // Преведе от испански: Нева Мичева | El último genio de la ciencia ficción rompe su silencio: «Harry Potter es el opio del pueblo». Entrevista con Stanislaw Lem por David Torres | Лемтернет: Специален брой на „Фентернет“, посветен на 90-годишнината от рождението на Станислав Лем / Съставители: Атанас П. Славов и Александър Карапанчев
http://lkg.org.pl/ns/lkg-core/E21_P4747	P4747	Venclova Tomas	Tomas Venclova	https://www.wikidata.org/wiki/Q187907	Q187907	Venclova Tomas | Венцлова Томас	Pasisakymas / Tomas Venclova, Laisvėjimo dienoraščiai, 1990 (XXXII)
http://lkg.org.pl/ns/lkg-core/E21_P4786	P4786	Vowe Gerhard	Gerhard Vowe	https://www.wikidata.org/wiki/Q1169494	Q1169494	Vowe Gerhard | Воув	Informations- und Kommunikations Strukturen der Zukunft. Workshop mit Stanisław Lem | Vorwort im Nachhinein | Diskussion mit Stanisław Lem
http://lkg.org.pl/ns/lkg-core/E21_P4797	P4797	Wajda Andrzej	Andrzej Wajda	https://www.wikidata.org/wiki/Q106685	Q106685	Wajda Andrzej | Вайда Анджей (1926-2016) | Вайда Анджей	Z „Przewodnika po filmach Andrzeja Wajdy” / W: Andrzej Wajda, Kino i reszta świata | List do Andrzeja Wajdy, 20 sierpnia 1968 / W: Osadnik Wacław M., Swirski Peter, Lem z przeszłości. Zamiast wstępu | Из материала «Путеводитель по кинематографу Вайды» / Пер. И.Рубановой // В книге: Вайда А., Кино и всё остальное | Moje filmy | List do Andrzeja Wajdy, 28 stycznia 1968 [fragment] | List do Andrzeja Wajdy, 20 sierpnia 1968 [fragment] | Świat według Lema
http://lkg.org.pl/ns/lkg-core/E21_P4799	P4799	Вайсброт Евгений	Yevgeny Vaysbrot	https://www.wikidata.org/wiki/Q4102550	Q4102550	Вайсброт Евгений | Wajsbrot J. | Wajsbrot Jewgienij | Wajsbrot Jewgienij (Вайсброт Е.П.)	Автоинтервью / Пер. Е.Вайсброта // В книге: Альманах научной фантастики. Вып.2 | Куда идешь, мир? / Пер. Е.Вайсброта | Куда идешь, мир? [Отрывки] / Пер. Е.Вайсброта | Вступление | 1 | 2 | 3 | 4 | 5 | 6 | 7 | Высказывания о научной фантастике (из беседы в Кракове) | «Я хотел написать повесть о будущем...» [фрагмент из предисловия к русскому изданию романа «Возвращение со звезд»] | Автоинтервью / Пер. Е.Вайсброта // В книге: Лем С., Собрание сочинений. Т.3 | Высокий замок / Пер. Е.П.Вайсброта // В книге: Лем С., Собрание сочинений. Т.5 | Автоинтервью / Пер. Е.Вайсброта // В книге: Лем С., Солярис | Высокий замок / Пер. Е.Вайсброта | Автоинтервью / Пер. Е.Вайсброта | Высокий замок / Пер. Е.Вайсброта | Автоинтервью / Пер. Е.Вайсброта | I. Катастрофа | II. Роботы и люди | Вступление | Космическая фантастика | Космогоническая фантастика | Научная фантастика и структуры повествования | IV. Метафизика научной фантастики и футурология веры | Вступление | Культура, эмпирия и секс | Порнография и фантастика | Половая жизнь Космоса | VI. Человек и сверхчеловек | VII. Остатки | VIII. Эксперимент в научной фантастике. От Брэдбери до «New Wave» | Вступление | От фантастической философии до историософической фантастики. Борхес и Стэплдон | Эвтопия и дистопия научной фантастики | Мифотворческое и социологическое воображение | Модели социоэволюции | Техническая и культурная предикция, модели | Метафутуролигическое окончание | Метафантастическое окончание | Послесловие | Примечания | Именной указатель | Высокий замок / Пер. Е.Вайсброта | Автоинтервью / Пер. Е.Вайсброта | Автоинтервью / Пер. Е.Вайсброта | Высокий замок / Пер. Е.Вайсброта | Автоинтервью / Пер. Е.Вайсброта | Фантастика и футурология. Кн. 2 / Пер. Е.Вайсброта; Под ред. В.Борисова; Отв. ред. Е.Барзова, Г.Мурадян | Фантастика и футурология. Кн. 2 / Пер. Е.Вайсброта; Под ред. В.Борисова; Отв. ред. Е.Барзова, Г.Мурадян | Высокий замок / Пер. Е.Вайсброта | Высокий замок / Пер. Е.Вайсброта | Высокий замок / Пер. Е.Вайсброта | Больница преображения. Высокий Замок. Рассказы / Пер. с пол. | Больница преображения. Высокий Замок. Рассказы / Пер. с пол. | Фантастика и футурология. Кн. 2 / Пер. Е.Вайсброта; Под ред. В.Борисова; Отв. ред. Е.Барзова, Г.Мурадян | III. Космос и фантастика | V. Эротика и секс | IX. Утопия и футурология | Больница преображения. Высокий Замок. Рассказы / Пер. с пол. | Высокий замок / Пер. с пол. | Высокий замок / Пер. с пол.
http://lkg.org.pl/ns/lkg-core/E21_P4802	P4802	Walas Teresa	Teresa Walas	https://www.wikidata.org/wiki/Q9357377	Q9357377	Walas Teresa	The imperfect trap: literature and censorship. Stanisław Lem in conversation with Teresa Walas / Translated from the Polish by William Brand | Pisarze w wehikule czasu. Rozmowa w wydawnictwie literackim z udziałem Stanislawa Lema / W: Czesław Miłosz. Rozmowy polskie 1979-1998 | Pułapka niedoskonała / Ze Stanisławem Lemem rozmawiała Teresa Walas | Wypowiedź-monolog: „W 95 przypadkach na 100 życie jest wyrazistsze od fikcji literackiej...” / W: Walas Teresa, Pisarze w wehikule czasu [Dyskusja w Wydawnictwie Literackim z udziałem pisarzy. Udział wzięli: Czesław Miłosz, Ewa Lipska, Stefan Chwin, Stanisław Lem (za pośrednictwem telebimu), Sławomir Mrożek (milcząco)] | Literatura nowego tysiąclecia. Dyskusja w Wydawnictwie Literackim z udziałem Stanislawa Lema / Prowadziła Teresa Walas. Notował Marek Oramus
http://lkg.org.pl/ns/lkg-core/E21_P4873	P4873	Weigel Pavel	Pavel Weigel	https://www.wikidata.org/wiki/Q22303261	Q22303261	Weigel Pavel | Вейгель П. | Вейгель Павел	Autointerview / Přeložil Pavel Weigel | Strategie parazitů, virus HIV a jedna evolučni hypotéza / Přeložil Pavel Weigel | Sex Wars / Přeložil Pavel Weigel // V: Jiné světy – Zima'93 | Legitimacionismus | Reflexe 1974 | Mým čtenářům | Proč jsem se odmlčel | Co si myslím o své tvorbě [Se Stanislawem Lemem hovořil Stanisław Bereś] | Deset praktických zásad, jak uchránit čtenáře před ćetbou bezcenné science fiction | Dialogy (název a názvy článků) | Vstup na oběžnou dráhu (názvy článků) | Rozpravy a náčrty (názvy článků) | Lemův zákon | Legitimacionismus | Reflexe 1974 | Mým čtenářům | Proč jsem se odmlčel | Co si myslím o své tvorbě [Se Stanislawem Lemem hovořil Stanisław Bereś] | Deset praktických zásad, jak uchránit čtenáře před ćetbou bezcenné science fiction | Slovo na závěr | Kapesní komputer fanatiků science fiction | Summa technologiae. Předmluva k prvnímu vydání | I. Dilemata | II. Dvě evoluce | III. Kosmické civilizace | IV. Intelektronika | V. Prolegomena všemohoucnosti | VI. Fantomologie | VII. Tvorba svétů | VIII. Pamflet na evoluci | Závěr | Vysvětlivky | Literatura uvedená v textu | Záhady umělé inteligence / Přeložil Pavel Weigel | Umělá inteligence jako experimentální filozofie / Přeložil Pavel Weigel | Slovo na závěr / V: Weigel Pavel, 75 let Stanisława Lema | Jak vidím svět | Člověk a stroj | Informační bariéra? | Fantomatika | Exformace | Fantomatika (II) | Tertium comparationis | Kacířství | Pěstování informace | Viry strojů, živočichů a lidí | Technická past | Informační labyrinty | Záhady umělé inteligence | Tajemství čínského pokoje | Pěstování informace? | Umělá neinteligence | Umělá inteligence jako experimentální filozofie | Rozum a síť | Informace o informaci | Kvantový počítač? | Genové algoritmy | Důmyslní roboti | V zakletí prognostiky | Metainformační teorie vývoje | Rozum | Přirozená inteligence | Artificial servility | Kuratela počítačů | Emoční kvocient | Internetové hry | Rizika internetu | Infoterorismus | Simulace kultury | Přebírání moci | Kybernetika mi otevřela nový svět. Interview se Stanislavem Lemem / Zapsal Konrad T. Lewandowski, přeložili Pavel Weigel a Ivan Adamovič | Sex Wars čili svět a Polsko | Weapon Systems of the 21st Century or the Upside-down Evollution | Das kreative Vernichtungsprinzip. The World as Holocaust | Záhuba a tvorba | Globální globalizace | Kdo nás stvořil? | Budeme nesmrtelní | Vyobcování inteligence | Technika a tělo | Šílená lokomotiva | Mágové a šarlatáni | Nezávislá proměnná | Energetická dilemata | Radioaktivní víno | Cave internetum | Klimatická ruleta | Mezi Venuší a Marsem | Těsně vedle | Výstižné prognózy | Tak bylo | Směs paměti | Život v prázdnu | Moje dobrodružství s futurologií | Rozkoše postmodernismu | Můj život / Z polského převodu Tomasze Lema přeložil Pavel Weigel // V: Lem S., Invaze | Kapesní komputer fanatiků science fiction / Přeložil Pavel Weigel // V: Keller Lech, Wstęp do Lemologii | Dryf / Ze Stanisławem Lemem rozmawia Pavel Weigel; przełożyła z czeskiego Joanna Czaplińska | Дрейф / Со Станиславом Лемом беседовал Павел Вейгель / Пер. с пол. В.Аникеева | Setkání v Krakově. Pavel Weigl hovoří se Stanislavem Lemem / Přeložil Pavel Weigel | Hovoří Stanislaw Lem / Přeložil a uvádí Pavel Weigel | Hovoří Stanislaw Lem / Přeložil a uvádí Pavel Weigel | Slovo na závěr | Stanisław Lem: Životopis | Stanisław Lem: Životopis | Z dopisu Pavlovi Weigelovi, 13.10.1990 | Summa technologiae / Přeložil Pavel Weigel | Úvod | Podoby | Rozdíly | Prvotní příčina | Několik naivních otázek | Formulace zadání | Formulace metody | Statistika kosmických civilizací | Kosmický katastrofismu | Metateorie zázraků | Unikátnost člověka | Inteligence: náhoda nebo nutnost? | Hypotézy | Votum separatum | Perspektivy | Návrat na Zemi | Megabitová bomba | Velká hra | Mýty vědy | Zesilovač inteligence | Černá skříňka | O morálce homeostatů | Nebezpečí elektrokracie | Kybernetika a sociologie | Víra a informace | Experimentální metafyzika | Pověry elektromozků | Duch ve stroji | Potíže s informací | Pochybnosti a rozpory | Před chaosem | Chaos a řád | Scylla a Charybda čili o uměřenosti | Konstruktérovo mlčení | Bláznění s metodou | Nový Linné čili o systematice | Modely a skutečnost | Plagiáty a kreace | Oblast imitologie | Základy fantomatiky | Fantomatický stroj | Fantomatika obvodová a centrální | Hranice fantomatiky | Cerebromatika | Teletaxe a fantoplikace | Osobnost a informace | Úvod | Pěstování informace | Jazykové inženýrství | Transcendentní inženýrství | Kosmogonické inženýrství | Úvod | Rekonstrukce druhu | Konstrukce života | Konstrukce smrti | Konstrukce vědomí | Konstrukce založené na chybách | Bionika a biokybernetika | Konstruktérovýma očima | Rekonstrukce člověka | Kyborgizace | Autoevoluční stroj | Mimosmyslové jevy | Předvídat je nemožné (ale mně se to daří) / Zaps. Ivan Adamovič, Morten, Pavel Weigel, Longin A. Wdowiak | Vždy jsem se považoval za realistu: Rozhovor se Stanislawem Lemem / Otázky kladl Ivan Adamovič; Přeložili Pavel Weigel a Longin A. Wdowiak | Tajemství čínského pokoje / Vybral a přeložil Pavel Weigel | Tajemství čínského pokoje / Vybral a přeložil Pavel Weigel | Varování před islámským terorismem / Přeložil Pavel Weigel | Sex Wars / Vybral a přeložil Pavel Weigel | Sex Wars / Vybral a přeložil Pavel Weigel
http://lkg.org.pl/ns/lkg-core/E21_P4891	P4891	Wells Herbert George	H. G. Wells	https://www.wikidata.org/wiki/Q42511	Q42511	Wells Herbert George | Уэллс Герберт Джордж (1866-1946)	Aus dem Nachwort zum „Krieg der Welten” von H.G. Wells / Aus dem Polnischen von Gabriele Bock // Im: Wells H.G., Das Kristallei | Posłowie / W: Wells Herbert George, Wojna światów
http://lkg.org.pl/ns/lkg-core/E21_P4893	P4893	Werfel Edda	Edda Werfel	https://www.wikidata.org/wiki/Q42529418	Q42529418	Werfel Edda | Верфель Эдда	Beschwerde- und Antragsbuch. Interview von Stanisław Bereś / Übersetzt von Edda Werfel und Hilde Nürenberger | Erfolg / Aus dem Polnischen von Edda Werfel | I. Die Katastrophe | II. Roboter und Menschen | III. Kosmos und Phantastik | IV. Die Metaphysik der Science Fiction und die Futurologie des Glaubens | V. Erotik und Sex | VI. Mensch und Ubermensch | VII. Bestandsaufnahme | VIII. Das Experiment in der Science Fiction. Von Bradbury bis zur „Neuen Welle“ | IX. Utopie und Futurologie | Metafuturologisches Schlußwort | Metaphantastisches Schlußwort | Nachwort | Anmerkungen | Nachwort / Aus dem Polnischen von Edda Werfel // Im: Żuławski Jerzy, Auf dem Silbermond | Phantastik und Futurologie II / Übersetzt von Edda Werfel | Nicht ganz verlorene Zeit | Im Spinnennetz der Bücher | Diesmal nur über „Golem“ | Filmische Enttäuschungen | Genuß, Verdruß, Überdruß | Beschwerde- und Antragsbuch | In der Höhle der Zivilisation | Die Welt erklären | Die Leidenschaft des Philosophierens | Posthuma / Aus dem Polnischen von Edda Werfel // Im: Spierling Volker (Hrsg.), Schopenhauer im Denken der Gegenwart | Nachwort zu Auf dem Silbermond von Jerzy Zuławski / Aus dem Polnischen von Edda Werfel | Posthuma / Aus dem Polnischen von Edda Werfel | Lem über Lem: Gespräche / Aus dem Polnischen von Edda Werfel und Hilde Nürenberger | Best of Lem / Hrsg. von Jan-Erik Strasser | Phantastik und Futurologie. 2. Teil / Übersetzt von Edda Werfel | Einleitung | Space Fiction | Kosmische Phantastik | Space Fiction und die Strukturen der Erzählung | Einleitung | Kultur und Sex | Pornographie und Phantastik | Das Geschlechtsleben des Kosmos | Einleitung | Von der phantastischen Philosophie zur geschichtsphilosophischen Phantastik. Borges und Stapledon | Eutropie und Dystopie der Science Fiction | Die mythenbildende und die soziologische Phantasie | Modelle der Sozio-Involution | Die technische und die Kulturvoraussage: Modelle | Lem über Lem: Gespräche / Aus dem Polnischen von Edda Werfel und Hilde Nürenberger. Die Übersetzung wurde vom Autor autorisiert | Das Auto und Wir / Aus dem Polnischen von Edda Werfel // Im: Autogramme | Science fiction: Ein hoffnungsloser Fall mit Ausnahmen
http://lkg.org.pl/ns/lkg-core/E21_P4900	P4900	Wersig Gernot	Gernot Wersig	https://www.wikidata.org/wiki/Q126446	Q126446	Wersig Gernot | Wersig Gernot [pomyłkowo: G.Wernot] | Версиг	Informations- und Kommunikations Strukturen der Zukunft. Workshop mit Stanisław Lem | Vorwort im Nachhinein | Diskussion mit Stanisław Lem
http://lkg.org.pl/ns/lkg-core/E21_P4919	P4919	Wieczerska Janina	Janina Wieczerska	https://www.wikidata.org/wiki/Q11719881	Q11719881	Wieczerska Janina	Wypowiedzi w telewizyjnej „Linii Specjalnej ze Stanisławem Lemem”. Rozmawiała red. Barbara Czajkowska / W: Janina Wieczerska, Zbytek uprzejmości
http://lkg.org.pl/ns/lkg-core/E21_P4991	P4991	Włodek Adam	Adam Włodek	https://www.wikidata.org/wiki/Q3180512	Q3180512	Włodek Adam | Влодек Адам	Z listów do Adama Włodeka / W: Włodek Adam, Opowieść z zagadką | Z listów do Adama Włodeka / W: Włodek Adam, Nasz łup wojenny
http://lkg.org.pl/ns/lkg-core/E21_P5012	P5012	Wolicki Krzysztof	Krzysztof Wolicki	https://www.wikidata.org/wiki/Q11749799	Q11749799	Wolicki Krzysztof | Волицкий Кшиштоф	W retorcie przyszłych snów. Spotkanie ze Stanisławem Lemem / Relacjonował K. Wolicki
http://lkg.org.pl/ns/lkg-core/E21_P5062	P5062	Wydmuch Marek	Marek Wydmuch	https://www.wikidata.org/wiki/Q11768590	Q11768590	Wydmuch Marek | Выдмух Марек	Posłowie [Franz Kafka w oczach pisarzy i krytyków] / W: Wydmuch Marek, Franz Kafka | Zitate / Im: Wydmuch Marek, Montague Rhodes James. Opowieści Starego Antykwariusza. Nachwort von Stanisław Lem
http://lkg.org.pl/ns/lkg-core/E21_P5083	P5083	Захарченко Василий	Vasily Zakharchenko	https://www.wikidata.org/wiki/Q4188784	Q4188784	Захарченко Василий | Zacharczenko Wasilij (Захарченко В.Д.) | Василий Дмитриевич Захарченко	Разговор со Станиславом Лемом о фантастике / В книге: Захарченко Василий, Мир у себя дома | Разговор со Станиславом Лемом о фантастике / В книге: Захарченко Василий, Проводи меня до звезды
http://lkg.org.pl/ns/lkg-core/E21_P5171	P5171	Żakowski Jacek	Jacek Żakowski	https://www.wikidata.org/wiki/Q1676938	Q1676938	Żakowski Jacek | Жаковский Яцек	Affe auf der Reise. Jacek Żakowski im Gespräch mit Stanisław Lem | Dravá opice. Rozhovor se Stanislawem Lemem / Přeložil Dušan Provazník // V: Żakowski Jacek, Obavy a naděje: rozhovory o budoucnosti | A Razão Pessimista: «Macaco de Viagem». Entrevista de Jacek Żakowski com Stanislaw Lem / Tradução de Olga Guerizoli-Kempinska | Drapieżna małpa. Rozmowa ze Stanisławem Lemem / W: Żakowski Jacek, Trwoga i Nadzieja. Rozmowy o przyszłości | Drapieżna małpa. Ze Stanisławem Lemem rozmawia Jacek Żakowski | Małpa w podróży. Ze Stanisławem Lemem rozmawia Jacek Żakowski | Der Esel auf dem Eis. Ein Gespräch zwischen Stanisław Lem und Jacek Żakowski / Übersetzung: Doreen Daume und Katya Andrusz // In: Jerzy Jarzębski, Stanisław Lem | Stanisław Lem – Mensch, Denker, Schriftsteller | Drapieżna małpa / Ze Stanisławem Lemem rozmawia Jacek Żakowski | Małpa w podróży / Ze Stanisławem Lemem rozmawia Jacek Żakowski | Wszechświat Lema. Multimedialna podróż po świecie stworzonym przez sławnego pisarza i wizjonera / Pomysł i realizacja: Wojciech Zemek i Agnieszka Kozik
http://lkg.org.pl/ns/lkg-core/E21_P5188	P5188	Żuławski Jerzy	Jerzy Żuławski	https://www.wikidata.org/wiki/Q1373117	Q1373117	Żuławski Jerzy | Жулавский Е. | Жулавский Ежи	Przedmowa / W: Żuławski Jerzy, Na srebrnym globie: rękopis z Księżyca | Предисловие / Пер. А.Громовой // В книге: Жулавский Е., На серебряной планете: Рукопись с Луны | Предисловие / Пер. А.Громовой // В книге: Жулавский Е., Лунная трилогия | Предисловие / Пер. А.Громовой // В книге: Жулавский Е., Лунная трилогия | Przedwowa / W: Żuławski Jerzy, Na srebrnym globie: rękopis z Księżyca | Nachwort / Aus dem Polnischen von Edda Werfel // Im: Żuławski Jerzy, Auf dem Silbermond | Przedwowa / W: Żuławski Jerzy, Na srebrnym globie: rękopis z Księżyca
http://lkg.org.pl/ns/lkg-core/E21_P5200	P5200	Adamovič Ivan	Ivan Adamovič	https://www.wikidata.org/wiki/Q8693637	Q8693637	Adamovič Ivan	Mým čtenářům / Přeložil Ivan Adamovič | Kybernetika mi otevřela nový svět. Interview se Stanislavem Lemem / Zapsal Konrad T. Lewandowski, přeložili Pavel Weigel a Ivan Adamovič | Stanice Solaris / Přeložil Ivan Adamovič | Předvídat je nemožné (ale mně se to daří) / Zaps. Ivan Adamovič, Morten, Pavel Weigel, Longin A. Wdowiak | Vždy jsem se považoval za realistu: Rozhovor se Stanislawem Lemem / Otázky kladl Ivan Adamovič; Přeložili Pavel Weigel a Longin A. Wdowiak
http://lkg.org.pl/ns/lkg-core/E21_P5201	P5201	Adamowski Jan	Jan Adamowski	https://www.wikidata.org/wiki/Q11716897	Q11716897	Adamowski Jan	Neologizmy w literaturze fantastyczno-naukowej. Rozmowa ze Stanisławem Lemem / Wywiad przygotował Jan Adamowski
http://lkg.org.pl/ns/lkg-core/E21_P5204	P5204	Agur Ustus	Ustus Agur	https://www.wikidata.org/wiki/Q16403480	Q16403480	Agur Ustus	Kaks evolutsiooni [Bioloogilisest ja tehnoloogilisest evolutsioonist. Katkend teosest «Tehnoloogia summa»] / Vene keelest tlk. Ustus Agur
http://lkg.org.pl/ns/lkg-core/E21_P5215	P5215	Armata Jerzy	Jerzy Armata	https://www.wikidata.org/wiki/Q112485786	Q112485786	Armata Jerzy	Nie tak całkiem uciekłem. Rozmowa ze Stanisławem Lemem / Rozmawiał Jerzy Armata
http://lkg.org.pl/ns/lkg-core/E21_P5224	P5224	Badowski Ryszard	Ryszard Badowski	https://www.wikidata.org/wiki/Q9324579	Q9324579	Badowski Ryszard	Rekordzista nakładów / Ze Stanisławem Lemem rozmawiał Ryszard Badowski | Ze Stanisławem Lemem – w Kosmosie i na Ziemi / Rozmawiał Ryszard Badowski | Ze Stanisławem Lemem – w Kosmosie i na Ziemi / Rozmawiał Ryszard Badowski | Ze Stanisławem Lemem w Kosmosie i na Ziemi / Rozmawiał Ryszard Badowski | Ze Stanisławem Lemem – w kosmosie i na ziemi / Rozmawiał R. Badowski | Ze Stanisławem Lemem – w Kosmosie i na Ziemi / Rozmawiał Ryszard Badowski
http://lkg.org.pl/ns/lkg-core/E21_P5233	P5233	Bangsund John	John Bangsund	https://www.wikidata.org/wiki/Q6220532	Q6220532	Bangsund John	Stanislaw Lem: Mushrooms in the Basket [The interview] / Translated by Franz Rottensteiner and liberally paraphrased by John Bangsund
http://lkg.org.pl/ns/lkg-core/E21_P5234	P5234	Bańkowski Maciej	Maciej Bańkowski	https://www.wikidata.org/wiki/Q105696969	Q105696969	Bańkowski Maciej	Biology's Development Over the Years Leading up to 2040: A Forecast / Translated from the Polish by Maciej Bańkowski
http://lkg.org.pl/ns/lkg-core/E21_P5237	P5237	Baran Zbigniew	Zbigniew Baran	https://www.wikidata.org/wiki/Q112453948	Q112453948	Baran Zbigniew	Wypowiedź na promocji książki „Lube czasy” / W: Zbigniew Baran, Lem – konserwatysta i wizjoner
http://lkg.org.pl/ns/lkg-core/E21_P5243	P5243	Barkowski Robert	Robert F. Barkowski	https://www.wikidata.org/wiki/Q20856119	Q20856119	Barkowski Robert	An den Bezirksnationalrat, Krakau, den 13. Februar 1955 | An den Polnischen Rundfunk, Krakau, den 24. Oktober 1955 | An Wiktor Woroszylski, Krakau, den 4. Dezember 1957 | An Motozbyt, Krakau, den 17. August 1965 | An die Direktion der Bank PKO, Krakau, den 4. Oktober 1967 | An Władysław Kapuściński, Krakau, den 25. Dezember 1968 | An einen unbekannten Empfänger, Krakau, den 10. August 1969 | An einen unbekannten Empfänger, Krakau, den 29. August 1969 | An Virgilijus Čepaitis, Krakau, den 29. Dezember 1969 | An Władysław Kapuściński, Krakau, den 7. Februar 1970 | An Władysław Kapuściński, Krakau, den 7. Februar 1970 [2] | An Władysław Kapuściński, Krakau, den 18. März 1970 | An Władysław Kapuściński, Krakau, den 8. April 1970 | An Jakub Zdzisław Lichański, Krakau, den 3. Oktober 1970 | An Jakub Zdzisław Lichański, Krakau, den 22. Oktober 1970 | An Daniel Mróz, Zakopane, den 12. Juni 1971 | An einen unbekannten Empfänger, Krakau, den 4. September 1971 | An Michael Kandel, Krakau, den 8. Mai 1972 | An Michael Kandel, Zakopane, den 9. Juni 1972 | An Michael Kandel, Krakau, den 1. Juli 1972 | An Michael Kandel, Krakau, den 1. August 1972 | An einen unbekannten Empfänger, Krakau, den 29. September 1972 | An Władysław Kapuściński, Krakau, den 13. Dezember 1972 | An Michael Kandel, Krakau, den 11. April 1973 | An Władysław Kapuściński, Krakau, den 24. April 1973 | An Virgilijus Čepaitis, Krakau, den 9. Mai 1973 | An Michael Kandel, Krakau, den 4. Oktober 1973 | An einen unbekannten Empfänger, Krakau, den 6. Oktober 1973 | An Michael Kandel, Krakau, den 18. Januar 1974 | An einen unbekannten Empfänger, Krakau, den 29. Januar 1974 | An Michael Kandel, Krakau, den 22. [?] 1974 | An eine unbekannte Empfängerin, Krakau, den 9. April 1974 | An Rafail Nudelman, Krakau, den 19. April 1974 | An Szymon Kobylinski, Krakau, den 14. Mai 1974 | An Michael Kandel, Krakau, den 10. Juli 1974 | An Michael Kandel, Krakau-Frankfurt, im Oktober 1974 | An Michael Kandel, Krakau, den 19. Oktober 1974 | An Michael Kandel, Krakau, den 9. Januar 1975 | An Michael Kandel, Krakau, den 9. Februar 1975 | An Władysław Kapuściński, Krakau, den 11. November 1975 | An einen unbekannten Empfänger, Krakau, den 16. November 1975 | An Michael Kandel, Berlin, den 18. Aprel 1977 | An Michael Kandel, Berlin, den 6. Mai 1977 | An einen unbekannten Empfänger, Berlin, den 19. Juli 1977 | An das Kulturdezernat des ZK der PZPR, Krakau, den 5. Januar 1978 | An das Kulturdezernat des ZK der PZPR, Krakau, den 13. Januar 1978 | An Jerzy Jarzębski, Wien, den 10. Januar 1985 | Der Widerstand der Materie: Ausgewählte Briefe / Aus dem Polnischen von Barbara Kulinska-Krautmann; Aus dem Englischen von Dino Heicker; Herausgegeben von Robert Barkowski | An Ursula K. Le Guin, Krakau, den 25. Februar 1972 [Brief auf English] | An Ursula K. Le Guin, Zakopane, den 22. Juni 1972 [Brief auf English] | An Philip K. Dick, Krakau, den 16. März 1973 [Brief auf English] | An Philip K. Dick, Krakau, den 26. April 1973 [Brief auf English] | An Philip K. Dick, Krakau, den 18. Mai 1973 [Brief auf English] | An Irmtraud Zimmermann-Göllheim, Krakau, den 13. Dezember 1973 | An Philip K. Dick, Krakau, den 9. Juli 1974 [Brief auf English] | An Marcel Reich-Ranicki, Krakau, den 17. Oktober 1974 | An Marcel Reich-Ranicki, Krakau, den 10. Mai oder Juli 1975 [Brief auf Deutsch] | An Ursula K. Le Guin, Krakau, den 23. September 1976 [Brief auf English] | An Siegfried Unseld, Krakau, den 12. November 1978 [Brief auf Deutsch] | An Siegfried Unseld, Krakau, den 2. Januar 1979 [Brief auf Deutsch] | An Siegfried Unseld, Krakau, den 14. April 1981 [Brief auf Deutsch] | An Jutta Janke, Krakau, den 16. Mai 1981 [Brief auf Deutsch] | An Elisabeth Borchers, Berlin, den 24. März 1982 [Brief auf Deutsch] | An Friedrich Griese, Berlin, den 24. März 1982 [Brief auf Deutsch] | An Siegfried Unseld, Berlin, den 13. Januar 1983 [Brief auf Deutsch] | An Siegfried Unseld, Berlin, den 19. Januar 1983 [Brief auf Deutsch] | An Siegfried Unseld, Berlin, den 21. März 1983 [Brief auf Deutsch] | An Siegfried Unseld, Berlin, den 6. April 1983 [Brief auf Deutsch] | An Friedrich Griese, Berlin, den 3. Mai 1983 [Brief auf Deutsch] | An Dagmar Barnouw, Wien, den 29. Juni 1985 [Brief auf Deutsch] | An Dagmar Barnouw, Wien, den 7. Oktober 1985 [Brief auf Deutsch] | An Dagmar Barnouw, Wien, den 1. April 1986 [Brief auf Deutsch] | An Dagmar Barnouw, Wien, den 29. Mai 1986 [Brief auf Deutsch] | An Joachim Unseld, Wien, den 29. Januar 1988 [Brief auf Deutsch] | An Joachim Unseld, Wien, den 8. März 1988 [Brief auf Deutsch]
http://lkg.org.pl/ns/lkg-core/E21_P5262	P5262	Bereska Henryk	Henryk Bereska	https://www.wikidata.org/wiki/Q99204	Q99204	Bereska Henryk	Provokation | Mein Leben | Provokation / Aus dem Polnischen von Henryk Bereska
http://lkg.org.pl/ns/lkg-core/E21_P5263	P5263	Bereś Witold	Witold Bereś	https://www.wikidata.org/wiki/Q9375593	Q9375593	Bereś Witold	Nie jestem wróżbitą. Ze Stanisławme Lemem rozmawią Witold Bereś i Adam Szostkiewicz | Wypowiedzi z wywiadu 1990 roku / W: Witold Bereś, Stanisław Lem a System (w stulecie urodzin) | Nie jestem wróżbitą. Ze Stanisławem Lemem rozmawią Witold Bereś i Adam Szostkiewicz | Granica człowieka. Ze Stanisławem Lemem rozmawia Witold Bereś
http://lkg.org.pl/ns/lkg-core/E21_P5278	P5278	Bilczewski Tomasz	Tomasz Bilczewski	https://www.wikidata.org/wiki/Q56255888	Q56255888	Bilczewski Tomasz	Science Fiction and Futurology | Thus Spoke Lem | Stanisław Lem's Solaris: Interpretations in the Russian-speaking world / In: The Routledge World Companion to Polish Literature / Edited by Tomasz Bilczewski, Stanley Bill and Magdalena Popiel
http://lkg.org.pl/ns/lkg-core/E21_P5282	P5282	Binswanger-Stefańska Elżbieta	Elżbieta Binswanger-Stefańska	https://www.wikidata.org/wiki/Q111434061	Q111434061	Binswanger-Stefańska Elżbieta	Kto do ognia dolewa strumyczki benzyny. Rozmowa ze Stanisławem Lemem z dnia 5 lutego 1991 roku, nagrana i nigdy nie publikowana / Opracowała Elżbieta Binswanger-Stefańska
http://lkg.org.pl/ns/lkg-core/E21_P5286	P5286	Block Igor	Igor Block	https://www.wikidata.org/wiki/Q60853146	Q60853146	Block Igor	Fantasticul şi ştiinţa / Traducere de Igor Block // În: Hobana Ion (ed.), Viitorul? Atenţie! Studii şi articole despre literatura ştiinţifico-fantastică
http://lkg.org.pl/ns/lkg-core/E21_P5299	P5299	Bonarski Andrzej	Andrzej Bonarski	https://www.wikidata.org/wiki/Q112419101	Q112419101	Bonarski Andrzej	Pochwycić przyszłość...? Rozmowa ze Stanisławem Lemem / Rozmawiał Andrzej Bonarski
http://lkg.org.pl/ns/lkg-core/E21_P5319	P5319	Broderick Damien	Damien Broderick	https://www.wikidata.org/wiki/Q1158494	Q1158494	Broderick Damien	An Interview with Stanislaw Lem by Anne Brewster / In: Broderick D; Ikin V. (ed.), Fantastika at the edge of reality: Yet more best of “Science fiction”
http://lkg.org.pl/ns/lkg-core/E21_P5352	P5352	Chojnowski Andrzej	Andrzej Chojnowski	https://www.wikidata.org/wiki/Q9151767	Q9151767	Chojnowski Andrzej	Wypowiedzi w sprawie PEN Clubu (1988) / W: „Tworczość obca nam klasowo”. Aparat represji wobec środowiska literackiego 1956-1990 // Red. Andrzej Chojnowski, Sebastian Ligarski
http://lkg.org.pl/ns/lkg-core/E21_P5354	P5354	Christaller Thomas	Thomas Christaller	https://www.wikidata.org/wiki/Q2422974	Q2422974	Christaller Thomas	Unsaubere Schnittstelle Mensch/Maschine / Aus dem Polnischen von Friedrich Griese // Im: Maar Christa, Pöppel Ernst und Christaller Thomas (Hrsg.), Die Technik auf dem Weg zur Seele: Forschungen an der Schnittstelle Gehirn/Computer
http://lkg.org.pl/ns/lkg-core/E21_P5374	P5374	Cybulski Marek	Marek Cybulski	https://www.wikidata.org/wiki/Q11768078	Q11768078	Cybulski Marek	List do Sławomira Mrożka, [W Krakowie, u szczątków roku] 1959 | List do Sławomira Mrożka, [Berlin, 25 listopada] 1969 | Wspomnienie ze Lwowa, 2000 | Wybór tekstów z dziejów języka polskiego. Od połowy XIX w. Tom 2
http://lkg.org.pl/ns/lkg-core/E21_P5378	P5378	Czaczkowska Ewa K.	Ewa K. Czaczkowska	https://www.wikidata.org/wiki/Q18424598	Q18424598	Czaczkowska Ewa K.	Wypowiedzi [na koniec wieku] / W: Czaczkowska Ewa K., Koniec wieku – zmierzch albo początek?
http://lkg.org.pl/ns/lkg-core/E21_P5379	P5379	Czajkowska Barbara	Barbara Czajkowska	https://www.wikidata.org/wiki/Q9165322	Q9165322	Czajkowska Barbara	Wypowiedzi w telewizyjnej „Linii Specjalnej ze Stanisławem Lemem”. Rozmawiała red. Barbara Czajkowska / W: Janina Wieczerska, Zbytek uprzejmości
http://lkg.org.pl/ns/lkg-core/E21_P5382	P5382	Czapińska Wiesława	Wiesława Czapińska	https://www.wikidata.org/wiki/Q9373665	Q9373665	Czapińska Wiesława	Czas przeszły, czas przyszły. Ze Stanisławem Lemem rozmawiała Wiesława Czapińska
http://lkg.org.pl/ns/lkg-core/E21_P5383	P5383	Czaplińska Joanna	Joanna Czaplińska	https://www.wikidata.org/wiki/Q24431304	Q24431304	Czaplińska Joanna	Dryf / Ze Stanisławem Lemem rozmawia Pavel Weigel; przełożyła z czeskiego Joanna Czaplińska
http://lkg.org.pl/ns/lkg-core/E21_P5389	P5389	Çelik Behçet	Behçet Çelik	https://www.wikidata.org/wiki/Q6078528	Q6078528	Çelik Behçet	Bilimkurgunun Yapısal Çözümlemesi Üzerine / Çevirmen: Behçet Çelik
http://lkg.org.pl/ns/lkg-core/E21_P5397	P5397	Daume Doreen	Doreen Daume	https://www.wikidata.org/wiki/Q13091127	Q13091127	Daume Doreen	Der Esel auf dem Eis. Ein Gespräch zwischen Stanisław Lem und Jacek Żakowski / Übersetzung: Doreen Daume und Katya Andrusz // In: Jerzy Jarzębski, Stanisław Lem
http://lkg.org.pl/ns/lkg-core/E21_P5405	P5405	Dermutz Klaus	Klaus Dermutz	https://www.wikidata.org/wiki/Q62098484	Q62098484	Dermutz Klaus	Wywiad ze Stanisławem Lemem [/ Rozmawiał Klaus Dermutz] | Maczuga chrześcijańskich wartości. Stanisław Lem o swoich i naszych problemach [/ Rozmawiał Klaus Dermutz] | Beim ticken der Wachstumsbombe. Interview mit Stanislaw Lem von Klaus Dermutz | Die Sintflut stoppen. Interview mit Stanislaw Lem von Klaus Dermutz
http://lkg.org.pl/ns/lkg-core/E21_P5413	P5413	Doberstein Erich	Erich Doberstein	https://www.wikidata.org/wiki/Q133687247	Q133687247	Doberstein Erich	Vorwort / Aus dem Polnischen von Rudolf Pabel // In: Lem S., Gast im Weltraum | Vorwort / Aus dem Polnischen von Rudolf Pabel // In: Lem S., Gast im Weltraum | Vorwort / Aus dem Polnischen von Rudolf Pabel // In: Lem S., Gast im Weltraum | Über das Modellieren der Wirklichkeit im Werk von Thomas Mann / Aus dem Polnischen von Erich Doberstein // In: Sinn und Form. Sonderheft „Thomas Mann“
http://lkg.org.pl/ns/lkg-core/E21_P5417	P5417	Dolecki Zbigniew	Zbigniew Dolecki	https://www.wikidata.org/wiki/Q7944829	Q7944829	Dolecki Zbigniew	Rozmowa z Autorem „Solaris” / Ze Stanisławem Lemem rozmawiał Zbigniew Dolecki
http://lkg.org.pl/ns/lkg-core/E21_P5425	P5425	Dryll Irena	Irena Dryll-Gutkowska	https://www.wikidata.org/wiki/Q104398418	Q104398418	Dryll Irena	Fantastyczna rozmowa z Lemem / Rozmawiała Irena Dryll
http://lkg.org.pl/ns/lkg-core/E21_P5434	P5434	Durczok Kamil	Kamil Durczok	https://www.wikidata.org/wiki/Q11734509	Q11734509	Durczok Kamil	Wypowiedź z wywiadu z Kamilem Durczokiem / W: Katarzyna Przybyszewska, Kamil Durczok jakiego nie znacie
http://lkg.org.pl/ns/lkg-core/E21_P5437	P5437	Düring Michael	Michael Düring	https://www.wikidata.org/wiki/Q95305291	Q95305291	Düring Michael	Affe auf der Reise. Jacek Żakowski im Gespräch mit Stanisław Lem | Rozważania sylwiczne LXXIII | Ein Mensch der großen Räume | „Man kann natürlich aus einer breiteren Perspektive...“; „Froschperspektive“; „sind völlig umsonst“ | Das Erbe des Urmenschen | „Ich hatte immer die Neigung zu einer solchen kosmischen Perspektive...“ | „man in hisforischer Perspektive…“ | Eintagsfliege | „der weiter als andere sah“ | Was wird mit Helena | „Ich bin sehr erstaunt daß sie in diesem Maßstab…“ | „An der Wiege dieses Konzeptes...“ | „Ich bleibe dabei, daß ich ein Realist…“ | Die verrückte Lokomotive | „Manchmal überlege ich, in welchem Maße meine Sorgen…“; „Der Wunsch, unentgeltlich Böses zuzufügen…“ | Vergnügen an Drachen | „Die Kongressabgeordneten haben diese kindische Vorstellung…“ | Unter der Dusche | „Es ist natürlich eine große Ehre...“ | „haben nur vorübergehenden Charakter“ | „die menschliche Neigung, sie eher zum Bösen…“; „Ideologie einer weltlichen Erlösung“; „sanktioniere das Recht auf die Verbreitung von Dummhei“ | „So lange ich Bücher geschrieben habe…“ | „Hallo, hier sind wir!“ | „Ich habe nie an diesen homo sovieticus geglaubt…“ | „der Gebrauch der Früchte menschlichen Erfindungsgeistes zum Bösen…“ | „Als ich vor Jahren Summa technologiae schrieb…“ | „für völlig unreife Gesellschaften…“ | „Das, was eine Steigerung der Vielfältigkeit der Erlebnisse…“; „Verrohung und Barbarei“ | Das Paradies ist nicht zu sehen | „Tante, die auf dem Kanapee sitzt und übelnimmt“; „Die Menschen sollten nicht nur durch das Recht...“ | Die variable Unabhängige | „Es wird schwierig werden…“ | Jenseits der Grenzen des Verstehens | „Ich fürchte, daß viel teuflischer Samen…“; „Ich bekenne mich zu der Ansicht...“ | „teuflische Vernichtungsmittel“; „es keine reale Macht...“ | „Ausgeburten der Hölle“; „ungute Gesetzmäßigkeit“ | „die Menschen in Unwahrheit zu leben wünschen“ | „Ich verstand, daß hier die schwachen…“ | Zerreißendes Vergnügen | „der Erfindungsreichtum der Menschen auf dem Gebiet…“; „Eine noch so unerhört vervollkommnete Kommunikation...“ | „Ich bin zu einer düsteren…“ | „Reihen von Dummköpfen können...“ | „im Namen der Freiheit lange...“ | Hin- und Herlaufen in der Wüste | Steuer von erniedrigtem Wert | „Die Geschirre, Zügel und Kategorien...“ | „Schwindens der Kindheit“ | „vernünftigen Forschungen und sogenannter Trübologie“ | „es taucht die Hypothese eines dritten Weges auf...“ | „Kürzlich habe ich an das Gewissen...“ | „Eine zu angestrengte Liebe zum Mammon...“ | „ich bin ein traditionell eingestellter Typ“ | „mit Patina bedeckten Deutsch“ | Skizze über Kijowski [Andrzeja Kijowskiego poema narodowe] | Kinderlektüren | Untersuchungen und Skizzen | Über Leśmian mit Abschweifungen | Destruktion der Dekonstruktion | Man kann nicht mehr erwarten, man muß warten… | Skizze über Sienkiewicz [Czytam Sienkiewicza] | Wywiad ze S. Lemem / Z niewieckiego przełożyła Elżbieta Kalinowska // W: Düring Michael, Ijon Tichy – nowoczesnym Guliwerem? /// W: Stanisław Lem – pisarz, myśliciel, człowiek | Stanisław Lem – Mensch, Denker, Schriftsteller
http://lkg.org.pl/ns/lkg-core/E21_P5440	P5440	Dzierżanowski Andrzej	Andrzej Maria Dzierżanowski	https://www.wikidata.org/wiki/Q112370390	Q112370390	Dzierżanowski Andrzej	Rozmawiamy z pisarzami: Stanisław Lem / Rozmawiał Andrzej Dzierżanowski
http://lkg.org.pl/ns/lkg-core/E21_P5456	P5456	Evans Arthur B.	Arthur Bruce Evans	https://www.wikidata.org/wiki/Q20961814	Q20961814	Evans Arthur B.	Philip K. Dick: A Visionary Among the Charlatans / Translated from the Polish by Robert Abernathy // In: Mullen R.D., Csicsery-Ronay Istvan, Jr, Evans Arthur B., and Hollinger Veronica (ed.), On Philip K. Dick: 40 Articles from Science-Fiction Studies | Philip K. Dick: A Visionary Among the Charlatans / Translated from the Polish by Robert Abernathy // In: Mullen R.D., Csicsery-Ronay Istvan, Jr, Evans Arthur B., and Hollinger Veronica (ed.), On Philip K. Dick: 40 Articles from Science-Fiction Studies | On Stapledon's Star Maker / Translated from the Hungarian by Istvan Csicsery-Ronay, Jr // In: Evans Arthur B. (ed.), Vintage Visions: Essays on Early Science Fiction | On Stapledon's Star Maker / Translated from the Hungarian by Istvan Csicsery-Ronay, Jr // In: Evans Arthur B. (ed.), Vintage Visions: Essays on Early Science Fiction
http://lkg.org.pl/ns/lkg-core/E21_P5458	P5458	Fabian Rainer	Rainer Fabian	https://www.wikidata.org/wiki/Q20923280	Q20923280	Fabian Rainer	Science-fiction in Rilkes Manier. Gespräch mit Stanisław Lem von Rainer Fabian | Die Angst des Kosmonaute vor dem Autodieb. Gespräch mit Stanisław Lem von Rainer Fabian
http://lkg.org.pl/ns/lkg-core/E21_P5461	P5461	Federman Raymond	Raymond Federman	https://www.wikidata.org/wiki/Q520733	Q520733	Federman Raymond	An interview with Stanislaw Lem by R. Federman | Das Solaris-Interview. Interview mit Stanisław Lem von Raymond Federman | An Interview with Stanislaw Lem by Raymond Federman | Zagłada i gwiazdy. Przeszłość w prozie Stanisława Lema
http://lkg.org.pl/ns/lkg-core/E21_P5463	P5463	Fejér Irén	Irén Fejér	https://www.wikidata.org/wiki/Q106839417	Q106839417	Fejér Irén	BEVEZETÉS | AZ IRODALMI MŰ NÉGY STRUKTÚRÁJA | A STRUKTURALIZMUSTÓL A TRADICIONALIZMUSIG | A SCI-FI SZOCIOLÓGIÁJA | A SZERZŐ JEGYZETEI | Tudományos-fantasztikus irodalom és futurológia / Fordította Fejér Irén (1-120; 497-507) és Murányi Beatrix (121-496)
http://lkg.org.pl/ns/lkg-core/E21_P5472	P5472	Finotti Ivan	Ivan Finotti	https://www.wikidata.org/wiki/Q10304367	Q10304367	Finotti Ivan	Extinção de Solaris. Uma entrevista com Stanisław Lem por Ivan Finotti | Reading Room / In: Stanisław Lem – The Official Site | Interview with Stanisław Lem by Ivan Finotti for “Folha de S.Paulo”
http://lkg.org.pl/ns/lkg-core/E21_P5481	P5481	Frelik Paweł	Paweł Frelik	https://www.wikidata.org/wiki/Q11814042	Q11814042	Frelik Paweł	After It Changed / In: Frelik Paweł, Stanisław Lem's Summa as Impossible Utopia
http://lkg.org.pl/ns/lkg-core/E21_P5487	P5487	Fukami Dan	Dan Fukami	https://www.wikidata.org/wiki/Q11560270	Q11560270	Fukami Dan | Fukami 深見弾	ゴーレムXIV / 深見弾 訳 | 地上には楽園は存在しないかもしれない
http://lkg.org.pl/ns/lkg-core/E21_P5488	P5488	Fukuro Ippei	Ippei Fukuro	https://www.wikidata.org/wiki/Q11626522	Q11626522	Fukuro Ippei | Fukuro 袋一平	これからのSFについてソ連の作家はどう考えるか / 袋一平 訳 | ステートメント / ウェルチストフ・E. レムの "秘密" / 袋一平 訳 | プロメテウスの火 / 袋一平 訳 | 2000年の学生像 / 袋一平 訳
http://lkg.org.pl/ns/lkg-core/E21_P5489	P5489	Fulińska Agnieszka	Agnieszka Fulińska	https://www.wikidata.org/wiki/Q95949516	Q95949516	Fulińska Agnieszka	Postępy hochsztaplerki / Ze Stanisławem Lemem rozmawiała Agnieszka Fulińska
http://lkg.org.pl/ns/lkg-core/E21_P5495	P5495	Gadomski Bohdan	Bohdan Gadomski	https://www.wikidata.org/wiki/Q9176114	Q9176114	Gadomski Bohdan	Rozmowa ze Stanisławem Lemem / Rozmawiał Bohdan Gadomski | Nie jestem ambasadorem Boga… Rozmowa ze Stanisławem Lemem / Rozmawiał Bohdan Gadomski
http://lkg.org.pl/ns/lkg-core/E21_P5498	P5498	Gajewska Agnieszka	Agnieszka Gajewska	https://www.wikidata.org/wiki/Q9142253	Q9142253	Gajewska Agnieszka	Brief an eine unbekannte Empfängerin, 17.04.1967 | Brief an Michael Kandel, 30.05.1972 | Brief an Michael Kandel, 08.08.1973 | Brief an Jerzy Wróblewskiego, 01.01.1969 | Brief an Michael Kandel, 07.12.1972 | Noch eine „Letzte Etappe“ | Brief an Michael Kandel, 10.11.1972 | Jenseits der Grenzen des Verständnisses | Über den Kriminalroman | Brief an Michael Kandel, marzec 1975 | Brief an Michael Kandel, 06.09.1975 | Brief an Władysław Kapuściński, 20.08.1973 | Brief an Michael Kandel, 24.01.1974 | Über der Würde des Menschen | Brief an Michael Kandel vom 03.09.1974 | Darf man Spinat essen? | Prognose der biologischen Entwicklung bis zum Jahr 2040 | Brief an Jerzy Wróblewski vom 22.05.1969 | Brief an Michael Kandel vom 08.03.1979 | Brief an Michael Kandel vom 29.10.1974 | Brief an Michael Kandel vom 07.12.1974 | Brief an Władysław Kapuściński vom 07.12.1975 | „Ich wollte in solchen Büchern...“; „Es geht nicht darum, die Literatur...“ | „Die Literatur ist das Bindeglied des geistigen Lebens...“ | „Und tatsachlich habe ich in »Solaris«...“ | „Und zweitens hat Tarkovskij...“ | „Eine erstaunlich INTELLIGENTE Tante...“ | „Im Prinzip interessierte mich am meisten...“ | „Ich werde ja wiederum vom so genannten Philosophischen Dämon verschlungen.“ | „Golem, das bin ja in gewissem Sinne ich...“; „Ich kann nicht einfach mit dem Zeichen kategorischer...“ | Holocaust and the Stars. The Past in the Prose of Stanisław Lem / Translated by Katarzyna Gucio | Letter to Michael Kandel, 15.11.1974 | “I am, in fact, a conservative and a visionary…” | “I tried to elevate the narrative onto a kind of black buskin…” | Letter to Michael Kandel, 30.08.1973 | Letter to Władysław Kapuściński, 30.05.1976 | Letter to Władysław Kapuściński, 27.12.1977 | Science Fiction | Letter to Jerzy Wróblewski, undated, 1960s | Letter to Michael Kandel, 07.05.1977 | “The question of subordinating medicine and biology to National Socialism…” | “I have the impression that I live on the terrible margin of literary life in Poland…” | Letter to Jerzy Wróblewski, 24.09.1964 | “I never believed in any homo sovieticus…” | Letter to Michael Kandel, 01.08.1972 | Letter to Michael Kandel, 05.04.1974 | Letter to Michael Kandel, 06.09.1975 | “Stones are not enough – it is people that matter…” | “After all, there is a foundation, some core principles and rules…” | The voice of darkness speaks | Letter to an unknown addressee, 17.04.1967 | Letter to Michael Kandel, 28.10.1976 | Letter to Michael Kandel, 05.11.1976 | Letter to Michael Kandel, 02.09.1976 | Letter to Jerzy Wróblewski, 26.04.1956 | “We believe that the Press Control screens should be set more universally than before…” | Letter to Michael Kandel, 13.04.1973 | Letter to Michael Kandel, 07.12.1972 | Letter to Władysław Kapuściński, 24.12.1978 | Letter to Michael Kandel, 30.05.1972 | Letter to Michael Kandel, 08.08.1973 | Letter to Michael Kandel, 24.01.1974 | “I admit that during the film I felt my throat close twice…” | Letter to Michael Kandel, 10.11.1972 | On crime fiction | Letter to Michael Kandel, 01.07.1972 | Letter to Władysław Kapuściński, 20.08.1973 | “My parents left me their wedding rings…” | An interview with Tomasz Fiałkowski | Letter to Jerzy Wróblewski, 01.01.1969 | Outside the limits of comprehension | Letter to Michael Kandel, 03.09.1975 | Letter to Michael Kandel, 03.09.1974 | Letter to Sławomir Mrożek, 23.01.1960 | Concentration of ghosts | “I am allowed” | Letter to Helena Eilstein, April 21, 1969 / Translated by Joanna Trzeciak Huss // In: Agnieszka Gajewska, In the Shadow of Shoah World War II in the Works of Stanisław Lem | Lettera a Jerzy Wróblewski, 13 dicembre 1961 | Previsioni sullo sviluppo della biologia fino all’anno 2040 | Senza titolo [W pracowniach] | Summa technologiae (discussione) | Lettera a W. Kapuściński del 28 gennaio 1965 | Lettera a W. Kapuściński del 28 marzo 1971 | Lettera a Michael Kandel del 7 maggio 1977 | Summa technologiae (I) | Lettera a J. Wróblewski del 15 maggio 1964 | Lettera a J. Wróblewski del 10 aprile 1961 | Lettera a W. Kapuściński del 26 luglio 1965 | Lettera a H. Eilstein del 18 agosto 1965 | Lettera a H. Eilstein (senza data) | Summa technologiae (III) | Lettera a A. Gromova del 25 agosto 1965 | Lettera a A. Ścibor-Rylski del 13 settembre 1967 | List do Jerzego Wróblewskiego, 24.09.1964 | List do Michaela Kandla, 15.11.1974 | List do M. Kandla, 01.08.1972 | List do M. Kandla, 30.08.1973 | List do Władysława Kapuścińskiego, 30.05.1976 | List do W. Kapuścińskiego, 27.12.1977 | An interview with Stanislaw Lem by R. Federman | List do J. Wróblewskiego, lata 1960. | List do M. Kandla, 05.04.1974 | List do M. Kandla, 07.05.1977 | List do M. Kandla, 06.09.1975 | List do J. Wróblewskiego, 26.04.1956 | List do M. Kandla, 13.04.1973 | List do M. Kandla, 07.12.1972 | List do nieznanej adresatki, 17.04.1967 | List do W. Kapuścińskiego, 24.12.1978 | List do M. Kandla, 28.10.1976 | List do M. Kandla, 05.11.1976 | List do M. Kandla, 02.09.1976 | List do M. Kandla, 30.05.1972 | List do M. Kandla, 08.08.1973 | List do J. Wróblewskiego, 01.01.1969 | List do M. Kandla, 10.11.1972 | List do M. Kandla, 01.07.1972 | List do M. Kandla, marzec 1975 | List do W. Kapuścińskiego, 20.08.1973 | List do M. Kandla, 24.01.1974 | List do M. Kandla, 15.06.1975 | List do M. Kandla, 03.09.1974 | List do Ariadny Gromowej, 08.03.1969 | Stanisław Lem w niepublikowanym wywiadzie z Adamem Makowskim | „Moje trzecie życzenie...ˮ | List do Władysława Kapuścińskiego, 11.10.1972 | Wstęp [Einleitung] do: Władysław Bartoszewski, Das Warschauer Ghetto – wie es wirklich war / Tłumaczenie z niemieckiego | Wspomnienia podyktowane żonie | Oświadczenie z 28.11.1990 | Indelible Memory / Tłumaczenie z angielskiego | Stanisław Lem w wywiadzie z Istvanem Csicsery-Ronayem Jr. (1985) / Tłumaczenie z angielskiego | Stanisław Lem w wywiadzie z Danielem Sayem (1973) / Tłumaczenie z angielskiego | List do Mariana Hemara pisany najprawdopodobniej w 1945 roku | Dlaczego pracuje się naukowo? | List do Aleksandra Ścibora-Rylskiego, 10.01.1956 | List do Jana Błońskiego, 14.02.1956 | Komentarz do Astronautów | List do Heleny Eilstein, 18.04.1991 | List do Jerzego Wróblewskiego, 29.12.1953 | List do Marka Nowickiego i Jerzego Stawickiego, 06.05.1963 | List do Dmitrija Bruskina, 23.10.1963 | List do Sławomira Mrożka, 30.04.1966 | List do Michaela Kandla, 24.01.1974 | List do M. Kandla, 03.03.1975 | List do M. Kandla, 18.10.1974 | List do S. Mrożka, 30.11.1965 | List do S. Mrożka, 04.06.1966 | List do M. Kandla, 01.08.1972 | List do M. Kandla, 07.05.1977 | List do S. Mrożka, 11.01.1968 | List do Danuty Ścibor-Rylskiej, 21.03.1968 | List do Romana Zimanda, 04.05.1969 | List do Antoniego Słonimskiego, 21.02.1970 | List do S. Mrożka, 25.11.1969 | List do S. Mrożka, 26.11.1969 | List do Zbigniewa Herberta, 23.11.1978 | List do S. Mrożka, 30.11.1969 | List do Virgilijusa Čepaitisa, 17.06.1969 | List do S. Mrożka, 27.11.1969 | List do M. Kandla, 02.09.1974 | List do M. Kandla, 01.02.1972 | List do M. Kandla, 24.03.1972 | List do M. Kandla, 30.05.1972 | List do M. Kandla, 24.01.1973 | List do M. Kandla, 07.12.1972 | List do M. Kandla, 23.03.1973 | List do M. Kandla, 13.04.1973 | List do M. Kandla, 01.12.1973 | List do M. Kandla, 23.04.1976 | List do M. Kandla, 11.04.1973 | List do Ursuli Le Guin, 25.02.1972 / Tłumaczenie z angielskiego | List do M. Kandla, 04.11.1977 | List do M. Kandla, 10.06.1974 | List do M. Kandla, 16.06.1976 | List do M. Kandla, 13.05.1974 | List do M. Kandla, 26.02.1976 | List do M. Kandla, 16.03.1976 | List do M. Kandla, 26.01.1977 | List do M. Kandla, 28.12.1976 | List do M. Kandla, 16.03.1977 | List do M. Kandla, 13.08.1977 | List do M. Kandla, 05.11.1976 | List do M. Kandla, 18.04.1977 | List do M. Kandla, 05.04.1977 | List do Rafaiła Nudelmana, 06.03.1988 | List do M. Kandla, 03.05.1977 | List do S. Mrożka, 22.09.1978 | List do M. Kandla, 12.11.1976 | List do M. Kandla, 10.04.1980 | List do redaktora „Pisma”, 01.11.1981 | List do redaktora „Pisma”, 09.01.1981 | List do Czesława Kiszczaka, 02.03.1982 | Stanisław Lem w wywiadzie z Peterem Engelem (1983) / Tłumaczenie z angielskiego | List do Ewy Lipskiej, 12.12.1984 | List do E. Lipskiej, 23.05.1983 | List do E. Lipskiej, 22.01.1985 | List do Jana Józefa Szczepańskiego, 27.05.1985 | List do M. Kandla, 05.09.1985 | List do E. Lipskiej, 03.03.1985 | List do E. Lipskiej, 20 albo 19.11.1986 | List do E. Lipskiej, 20.10.1987 | List do E. Lipskiej, 22.03.1991 | Stanisław Lem. Wypędzony z Wysokiego Zamku. Biografia | Kraków, 22.5.1972 [tekst po polsku i kopia listu po angielsku] | Berlin, 9.5.1977 [tekst po polsku i kopia listu po angielsku] | Kraków, 21.12.1977 [tekst po polsku i kopia listu po angielsku] | Posłowie do Czarnoksiężnika z Archipelagu Ursuli K. Le Guin | Aufspaltung (Auszug aus dem „Die Schoa und die Sterne. Die Vergangenheit in der Prosa Stanisław Lems“). Teil 1: Ein vielfaches Porträt; Ein vielfaches Porträt – Nachsatz / Aus dem Polnischen übersetz von Erik Simon | Aufspaltung (Auszug aus dem „Die Schoa und die Sterne. Die Vergangenheit in der Prosa Stanisław Lems“). Teil 2: Das Getto; Der Vater / Aus dem Polnischen übersetz von Erik Simon | Kosmos Stanisław Lem. Zivilisationspoetik, Wissenschaftsanalytik und Kulturphilosophie / Hrsg. von Alexander Friedrich, Alfred Gall, Petra Gehring, Peter Oliver Loew und Yvonne Pörzgen (Veröffentlichungen des Deutschen Polen-Instituts, Darmstadt) | Stanisław Lem in the Twenty-First Century (Special Issue) / Guest Editor Joanna Trzeciak Huss | Gli speroni della filosofia / Traduzione di Tomasz Skocki | Zagłada i gwiazdy. Przeszłość w prozie Stanisława Lema | Stanisław Lem. Wypędzony z Wysokiego Zamku. Biografia | List do W. Kapuścińskiego, 20.08.1973 | List do A. Ścibora-Rylskiego, 18.07.1952 | List do A. Ścibora-Rylskiego, 22.11.1955 | List do A. Ścibora-Rylskiego, 15.12.1955 | List do J. Wróblewskiego, 30.03.1956 | List do J. Wróblewskiego, 13.04.1956 | List do J. Wróblewskiego, 26.06.1956 | List do A. Ścibora-Rylskiego, 09.06.1956 | List do A. Ścibora-Rylskiego, 02.08.1956 | List do A. Ścibora-Rylskiego, 08.12.1956 | List do A. Ścibora-Rylskiego, 29.01.1957 | List do J. Wróblewskiego, 20.04.1958 | List do A. Ścibora-Rylskiego, 24.01.1960 | List do J. Wróblewskiego, 27.06.1961 | List do J. Błońskiego, 24.12.1961 | List do J. Wróblewskiego, 26.04.1956 | List do A. Ścibora-Rylskiego, 22.09.1961 | List do A. Gromowej, 12.12.1964 | List do A. Ścibora-Rylskiego, 23.03.1966 | List do J. Błońskiego, 23.02.1966 | List do W. Kapuścińskiego, 28.01.1965 | List do A. Gromowej niedatowany z 1966 roku | List do J. Błońskiego, 10.11.1961 | List do J. Błońskiego, 23.01.1962 | List do J. Błońskiego, 19.01.1964 | List do A. Gromowej, 24.08.1964 | List do J. Błońskiego, 13.03.1962 | List do A. Ścibora-Rylskiego, 01.02.1963 | List do J. Wróblewskiego, 19.04.1963 | List do D. Bruskina, 10.07.1963 | List do D. Bruskina, 01.10.1963 | List do J. Błońskiego, 23.02.1966 | List do J. Wróblewskiego, 01.12.1962 | List do D. Bruskina, 03.01.1963 | List do A. Gromowej, 23.01.1964 | List do A. Gromowej, 04.03.1964 | List do A. Gromowej, 29.04.1964 | List do A. Gromowej, 24.05.1964 | List do A. Gromowej, 02.01.1965 | List do A. Gromowej, 15.09.1964 | List do A. Gromowej, 20.03.1970 | List do J. Błońskiego, 19.02.1965 | List do A. Gromowej, 09.02.1965 | List do W. Kapuścińskiego, 26.07.1965 | List do A. Ścibora-Rylskiego, 11.10.1965 | List do J. Błońskiego, 10.11.1965 | List do J. Błońskiego, 21.12.1965 | List do A. Gromowej, 29.12.1965 | List do J. Błońskiego, 24.01.1966 | List do W. Kapuścińskiego, 21.02.1966 | List do J. Błońskiego, 09.03.1966 | List do A. Gromowej, grudzień 1967 | List do A. Gromowej, 04.12.1967 | List do J. Wróblewskiego, 13.12.1961 | List do W. Kapuścińskiego, 28.03.1971 | List do J. Wróblewskiego, 15.05.1964 | List do J. Wróblewskiego, 10.04.1961 | List do H. Eilstein, 18.08.1965 | List do H. Eilstein (niedatowany) | List do A. Gromowej, 25.08.1965 | List do A. Ścibora-Rylskiego, 13.09.1967 | List do A. Gromowej, 30.10.1968 | List do A. Gromowej, 30.03.1968 | List do A. Gromowej, 19.07.1968 | List do H. Eilstein, 21.04.1969 | List do A. Gromowej, 10.11.1970 | List do A. Gromowej, 21.02.1969 | List do A. Gromowej, 08.01.1970 | List do V. Čepaitisa, 15.01.1970 | List do A. Gromowej, 08.08.1970 | List do A. Ścibora-Rylskiego, 17.04.1969 | List do W. Kapuścińskiego, 26.07.1969 | List do W. Kapuścińskiego, 17.09.1969 | List do A. Ścibora-Rylskiego, 12.09.1969 | List do V. Čepaitisa, 22.10.1969 | List do W. Kapuścińskiego, 25.12.1968 [najprawdopodobniej błąd w datacji] | List do W. Kapuścińskiego, 19.12.1969 | List do A. Ścibora-Rylskiego, 14.09.1970 | List do V. Čepaitisa, 08.01.1971 | List do W. Kapuścińskiego, 29.01.1971 | List do V. Čepaitisa, 24.04.1971 | List do A. Gromowej, 26.04.1971 | List do A. Ścibora-Rylskiego, 18.05.1968 | List do W. Kapuścińskiego, 12.06.1969 | List do W. Kapuścińskiego, 20.09.1970 | List do A. Ścibora-Rylskiego, 26.11.1970 | List do A. Gromowej, 07.06.1970 | List do A. Gromowej, 18.02.1975 | List do W. Kapuścińskiego, 24.12.1970 | List do A. Gromowej, 16.09.1971 | List do W. Kapuścińskiego, 05.04.1972 | List do W. Kapuścińskiego, 28.04.1972 | List do J. Wróblewskiego, 05.09.1972 | List do V. Čepaitisa, 11.09.1972 | List do V. Čepaitisa, 26.10.1972 | List do W. Kapuścińskiego, 13.12.1972 | List do A. Ścibora-Rylskiego, 24.09.1975 | List do V. Čepaitisa, 09.05.1973 | List do W. Kapuścińskiego, 24.04.1973 | List do A. Ścibora-Rylskiego, 23.01.1976 | List do A. Ścibora-Rylskiego, 20.01.1975 | List do J. Błońskiego, 03.11.1975 | List do W. Kapuścińskiego, 18.04.1974 | List do J. Wróblewskiego, 14.11.1974 | List do J. Wróblewskiego, 30.10.1974 | List do V. Čepaitisa, 09.08.1974 | List do J. Wróblewskiego, 18.03.1975 | List do V. Čepaitisa, 30.12.1974 | List do W. Kapuścińskiego, 28.12.1974 | List do V. Čepaitisa, 15.11.1975 | List do U. Le Guin, 22.05.1972 / Tł. z ang. | List do U. Le Guin, 22.06.1972 / Tł. z ang. | List do U. Le Guin, 22.08.1974 / Tł. z ang. | List do U. Le Guin, 22.10.1974 / Tł. z ang. | List do U. Le Guin, 23.09.1976 / Tł. z ang. | List do U. Le Guin, 09.05.1977 / Tł. z ang. | List do H. Eilstein, 06.03.1976 | List do W. Kapuścińskiego, 23.04.1976 | List do V. Čepaitisa, 22.10.1976 | List do J. Wróblewskiego, 17.10.1976 | List do J. Wróblewskiego, 13.01.1979 | List do A. Ścibora-Rylskiego, 24.01.1977 | List do V. Čepaitisa, 28.02.1978 | List do J. Wróblewskiego, 13.10.1979 | List do V. Čepaitisa, 05.12.1979 | List do W. Kapuścińskiego, 24.12.1978 | List do V. Čepaitisa, 28.02.1978 | List do V. Čepaitisa, 18.11.1977 | List do H. Eilstein, 07.03.1976 | List do W. Kapuścińskiego, 30.05.1976 | List do H. Eilstein, 15.01.1977 | List do J. Błońskiego, 04.03.1985 | List do J. Błońskiego, 15.04.1985 | List do J. Wróblewskiego, 26.09.1980 | List do J. Wróblewskiego, październik 1980 / Tłumaczenie z angielskiego | List do V. Čepaitisa, 08.11.1981 | List do V. Čepaitisa, 04.03.1985 | List do U. Le Guin, 02.04.1984 / Tł. z ang. | List do J. Błońskiego, 12.11.1984 | List do J. Błońskiego, grudzień 1984 | List do J. Błońskiego, 04.12.1984 | List do J. Błońskiego, 20.02.1985 | List do U. Le Guin, 13.05.1984 / Tł. z ang. | List do U. Le Guin, 19.04.1984 / Tł. z ang. | List do J. Błońskiego, 10.05.1985 | List do V. Čepaitisa, 12.01.1986 | List do J. Błońskiego, 13.01.1985 | List do J. Błońskiego, 29.03.1985 | List do R. Nudelmana, 07.12.1986 | List do V. Čepaitisa, 20.01.1987 | List do H. Eilstein, 18.04.1991 | List do H. Eilstein, 01.06.1991 | List do H. Eilstein, 10.06.1991 | Wypowiedź: „Dla pisarza czytelnik jest najważniejszy” (Z listu W. Zemka do autorki, 29.05.2020) | I mów, że moja chwała z przyjaciół się bierze. Listy 1972-1984 / Przekład z angielskiego: Tomasz Lem; Wstęp i opracowanie: Agnieszka Gajewska; Komentarze: Agnieszka Gajewska i Wiktor Jaźniewicz | Kraków, 25.2.1972 | Zakopane, 22.6.1972 | Kraków, 23.12.1972 | Kraków, 4.2.1973 | Kraków, 21.5.1973 | Kraków, 17.11.1973 | Kraków, 9.4.1974 | Kraków, 22.8.1974 | Kraków, 22.10.1974 | Kraków, 23.9.1976 | Kraków, 4.12.1976 | Kraków, 24.3.1977 | Berlin, 25.5.1977 | Berlin, 3.7.1977 | Kraków, 30.9.1977 | List do Wydawnictwa Literackiego, Kraków, 4.11.1977 | Kraków, 13.12.1977 | Kraków, 1.3.1978 | Kraków, 1.12.1978 | Kraków, 17.2.1979 | Kraków, 8.3.1979 | Kraków, 9.3.1979 | Wiedeń, 2.4.1984 (niewysłany) | Wiedeń, 2.4.1984 | Wiedeń, 19.4.1984 | Wiedeń, 13.5.1984 | Wiedeń, 10.9.1984
http://lkg.org.pl/ns/lkg-core/E21_P5499	P5499	Gall Alfred	Alfred Gall	https://www.wikidata.org/wiki/Q89098377	Q89098377	Gall Alfred	Über der Würde des Menschen | Brief an Michael Kandel vom 03.09.1974 | Darf man Spinat essen? | Prognose der biologischen Entwicklung bis zum Jahr 2040 | Brief an Jerzy Wróblewski vom 22.05.1969 | Brief an Michael Kandel vom 08.03.1979 | Brief an Michael Kandel vom 29.10.1974 | Brief an Michael Kandel vom 07.12.1974 | Brief an Władysław Kapuściński vom 07.12.1975 | „Ich wollte in solchen Büchern...“; „Es geht nicht darum, die Literatur...“ | „Die Literatur ist das Bindeglied des geistigen Lebens...“ | „Und tatsachlich habe ich in »Solaris«...“ | „Und zweitens hat Tarkovskij...“ | „Eine erstaunlich INTELLIGENTE Tante...“ | „Im Prinzip interessierte mich am meisten...“ | „Ich werde ja wiederum vom so genannten Philosophischen Dämon verschlungen.“ | „Golem, das bin ja in gewissem Sinne ich...“; „Ich kann nicht einfach mit dem Zeichen kategorischer...“ | Kosmos Stanisław Lem. Zivilisationspoetik, Wissenschaftsanalytik und Kulturphilosophie / Hrsg. von Alexander Friedrich, Alfred Gall, Petra Gehring, Peter Oliver Loew und Yvonne Pörzgen (Veröffentlichungen des Deutschen Polen-Instituts, Darmstadt)
http://lkg.org.pl/ns/lkg-core/E21_P5500	P5500	Gałczyńska Kira	Kira Gałczyńska	https://www.wikidata.org/wiki/Q11739441	Q11739441	Gałczyńska Kira	Blick auf das Jahr 2000 / Interview mit Stanisław Lem von Kira Gałczyńska | Phantasie oder Realismus? / Interview mit Stanisław Lem von Kira Gałczyńska | Stanisław Lem über die Science-Fiction Literatur / Interview mit Stanisław Lem von Kira Gałczyńska | Stanisław Lem: Fantazja i realizm / Ze Stanisławem Lemem rozmawiała Kira Gałczyńska
http://lkg.org.pl/ns/lkg-core/E21_P5505	P5505	Gächter Sven	Sven Gächter	https://www.wikidata.org/wiki/Q113818251	Q113818251	Gächter Sven	Dumm und deprimierend / Interview mit Stanisław Lem von Sven Gächter
http://lkg.org.pl/ns/lkg-core/E21_P5508	P5508	Geach Peter Thomas	Peter Geach	https://www.wikidata.org/wiki/Q725797	Q725797	Geach Peter Thomas	Philosophy on a Floe / In: Wolniewicz Bogusław, Needs and Value // In: Geach Peter Thomas (Ed.), Logic and Ethics
http://lkg.org.pl/ns/lkg-core/E21_P5509	P5509	Geambaşu Constantin	Constantin Geambașu	https://www.wikidata.org/wiki/Q108883582	Q108883582	Geambaşu Constantin	Prelegerea Inaugurală a lui Golem: Trei ipostaze despre om / Traducere de Constantin Geambaşu, Mihai Dan Pavelescu şi Cristian Tudor Popescu // În: Întoarcerea din stele. Golem XIV
http://lkg.org.pl/ns/lkg-core/E21_P5512	P5512	Gehring Petra	Petra Gehring	https://www.wikidata.org/wiki/Q1702052	Q1702052	Gehring Petra	Über der Würde des Menschen | Brief an Michael Kandel vom 03.09.1974 | Darf man Spinat essen? | Prognose der biologischen Entwicklung bis zum Jahr 2040 | Brief an Jerzy Wróblewski vom 22.05.1969 | Brief an Michael Kandel vom 08.03.1979 | Brief an Michael Kandel vom 29.10.1974 | Brief an Michael Kandel vom 07.12.1974 | Brief an Władysław Kapuściński vom 07.12.1975 | „Ich wollte in solchen Büchern...“; „Es geht nicht darum, die Literatur...“ | „Die Literatur ist das Bindeglied des geistigen Lebens...“ | „Und tatsachlich habe ich in »Solaris«...“ | „Und zweitens hat Tarkovskij...“ | „Eine erstaunlich INTELLIGENTE Tante...“ | „Im Prinzip interessierte mich am meisten...“ | „Ich werde ja wiederum vom so genannten Philosophischen Dämon verschlungen.“ | „Golem, das bin ja in gewissem Sinne ich...“; „Ich kann nicht einfach mit dem Zeichen kategorischer...“ | Kosmos Stanisław Lem. Zivilisationspoetik, Wissenschaftsanalytik und Kulturphilosophie / Hrsg. von Alexander Friedrich, Alfred Gall, Petra Gehring, Peter Oliver Loew und Yvonne Pörzgen (Veröffentlichungen des Deutschen Polen-Instituts, Darmstadt)
